0,Sound,mus_zz_megalovania,20,,

0,sanssweat,3,,,
0,SansHead,noeyes,,,
0,SansText,It's me.,,,
0,sound,mus_zz_megalovania,0.5,,
0,CombatZoneResizeinstant,241,226,406,391
0,HeartTeleport,320,304,,
0.5,SansSlam,1,,,
0,SansBody,HandDown,,,
0,BoneStab,1,30,0.5,0.89
0,BoneStab,3,100,0.5,0.89
0.6,SansSlam,2,,,
0,SansBody,HandLeft,,,
0,BoneStab,2,30,0.5,0.89
0,BoneStab,0,100,0.5,
0.655,SansSlam,0,,,,,,,
0,SansBody,HandRight,,,,,,,

0,BoneStab,0,30,0.5,0.39,,,,
0,BoneStab,2,100,0.5,0.39,,,,
0.3,GasterBlaster,0,386,671,386,471,270,0.7,2.5
0.1,GasterBlaster,0,366,671,366,471,270,0.7,2.4
0.1,GasterBlaster,0,346,671,346,471,270,0.7,2.3
0.1,GasterBlaster,0,326,671,326,471,270,0.7,2.2
0,SansBody,HandDown,,,,,,,
0,SansSlam,1,,,,,,,
0.1,GasterBlaster,0,306,671,306,471,270,0.7,2.1
0.1,GasterBlaster,0,286,671,286,471,270,0.7,2
1,SansSlam,3,,,,,,,
0,SansBody,HandUp,,,,,,,
0,BoneStab,3,30,0.5,0.3,,,,
0,BoneStab,1,100,0.5,,
0.655,SansSlam,1,,,,
0,SansBody,HandDown,,,,
0,BoneStab,1,30,0.5,0.3,
0,BoneStab,3,100,0.5,,
0.655,SansSlam,3,,,,
0,SansBody,HandUp,,,,
0,BoneStab,3,30,0.5,0.3,
0,BoneStab,1,100,0.5,,
0.655,SansSlam,1,,,,
0,SansBody,HandDown,,,,
0,BoneStab,1,30,0.5,0.3,
0,BoneStab,3,100,0.5,,
0.655,HeartMode,0,,,,
0,Sound,Ding,,,,
0.43,BoneV,251,176,35,1,178
0,BoneV,261,176,35,1,178
0,BoneV,291,176,35,1,178
0,BoneV,301,176,35,1,178
0,BoneV,331,176,35,1,178
0,BoneV,341,176,35,1,178
0,BoneV,371,176,35,1,178
0,BoneV,381,176,35,1,178
0.456,BoneV,261,176,35,1,178
0,BoneV,271,176,35,1,178
0,BoneV,301,176,35,1,178
0,BoneV,311,176,35,1,178
0,BoneV,341,176,35,1,178
0,BoneV,351,176,35,1,178
0,BoneV,381,176,35,1,178
0,BoneV,391,176,35,1,178
0.456,BoneV,271,176,35,1,178
0,BoneV,281,176,35,1,178
0,BoneV,311,176,35,1,178
0,BoneV,321,176,35,1,178
0,BoneV,351,176,35,1,178
0,BoneV,361,176,35,1,178
0,BoneV,391,176,35,1,178
0,BoneV,401,176,35,1,178
0.456,BoneV,251,176,35,1,178
0,BoneV,261,176,35,1,178
0,BoneV,291,176,35,1,178
0,BoneV,301,176,35,1,178
0,BoneV,331,176,35,1,178
0,BoneV,341,176,35,1,178
0,BoneV,371,176,35,1,178
0,BoneV,381,176,35,1,178
0.456,BoneV,261,176,35,1,178
0,BoneV,271,176,35,1,178
0,BoneV,301,176,35,1,178
0,BoneV,311,176,35,1,178
0,BoneV,341,176,35,1,178
0,BoneV,351,176,35,1,178
0,BoneV,381,176,35,1,178
0,BoneV,391,176,35,1,178
0.456,BoneV,271,176,35,1,178
0,BoneV,281,176,35,1,178
0,BoneV,311,176,35,1,178
0,BoneV,321,176,35,1,178
0,BoneV,351,176,35,1,178
0,BoneV,361,176,35,1,178
0,BoneV,391,176,35,1,178
0,BoneV,401,176,35,1,178
0.456,BoneV,251,176,35,1,178
0,BoneV,261,176,35,1,178
0,BoneV,291,176,35,1,178
0,BoneV,301,176,35,1,178
0,BoneV,331,176,35,1,178
0,BoneV,341,176,35,1,178
0,BoneV,371,176,35,1,178
0,BoneV,381,176,35,1,178
0.456,BoneV,261,176,35,1,178
0,BoneV,271,176,35,1,178
0,BoneV,301,176,35,1,178
0,BoneV,311,176,35,1,178
0,BoneV,341,176,35,1,178
0,BoneV,351,176,35,1,178
0,BoneV,381,176,35,1,178
0,BoneV,391,176,35,1,178
0.456,BoneV,271,176,35,1,178
0,BoneV,281,176,35,1,178,,,
0,BoneV,311,176,35,1,178,,,
0,BoneV,321,176,35,1,178,,,
0,BoneV,351,176,35,1,178,,,
0,BoneV,361,176,35,1,178,,,
0,BoneV,391,176,35,1,178,,,
0,BoneV,401,176,35,1,178,,,
0.8,GasterBlaster,0,66,246,166,246,0,0.3,0.9
0,GasterBlaster,0,261,46,261,146,90,0.3,0.9
0,GasterBlaster,0,586,371,486,371,180,0.3,0.9
0,GasterBlaster,0,386,371,386,471,270,0.3,0.9
0,GasterBlaster,0,323.5,536,323.5,436,270,0.3,0.9
0,GasterBlaster,0,323.5,76,323.5,176,90,0.3,0.9
0,GasterBlaster,0,551,308.5,451,308.5,180,0.3,0.9
0,GasterBlaster,0,91,308.5,191,308.5,0,0.3,0.9
0.456,BoneV,271,176,35,1,178,,,
0,BoneV,281,176,35,1,178,,,
0,BoneV,311,176,35,1,178,,,
0,BoneV,321,176,35,1,178,,,
0,BoneV,351,176,35,1,178,,,
0,BoneV,361,176,35,1,178,,,
0,BoneV,391,176,35,1,178,,,
0,BoneV,401,176,35,1,178,,,
1,GasterBlaster,5,323.5,308.5,323.5,308.5,0,1,0.045
0,GasterBlaster,5,323.5,308.5,323.5,308.5,180,1,0.045
0.045,GasterBlaster,5,323.5,308.5,323.5,308.5,10,1,0.045
0,GasterBlaster,5,323.5,308.5,323.5,308.5,190,1,0.045
0.045,GasterBlaster,5,323.5,308.5,323.5,308.5,20,1,0.045
0,GasterBlaster,5,323.5,308.5,323.5,308.5,200,1,0.045
0.045,GasterBlaster,5,323.5,308.5,323.5,308.5,30,1,0.045
0,GasterBlaster,5,323.5,308.5,323.5,308.5,210,1,0.045
0.045,GasterBlaster,5,323.5,308.5,323.5,308.5,40,1,0.045
0,GasterBlaster,5,323.5,308.5,323.5,308.5,220,1,0.045
0.045,GasterBlaster,5,323.5,308.5,323.5,308.5,50,1,0.045
0,GasterBlaster,5,323.5,308.5,323.5,308.5,230,1,0.045
0.045,GasterBlaster,5,323.5,308.5,323.5,308.5,60,1,0.045
0,GasterBlaster,5,323.5,308.5,323.5,308.5,240,1,0.045
0.045,GasterBlaster,5,323.5,308.5,323.5,308.5,70,1,0.045
0,GasterBlaster,5,323.5,308.5,323.5,308.5,250,1,0.045
0.045,GasterBlaster,5,323.5,308.5,323.5,308.5,80,1,0.045
0,GasterBlaster,5,323.5,308.5,323.5,308.5,260,1,0.045
0.045,GasterBlaster,5,323.5,308.5,323.5,308.5,90,1,0.045
0,GasterBlaster,5,323.5,308.5,323.5,308.5,270,1,0.045
0.045,GasterBlaster,5,323.5,308.5,323.5,308.5,100,1,0.045
0,GasterBlaster,5,323.5,308.5,323.5,308.5,280,1,0.045
0.045,GasterBlaster,5,323.5,308.5,323.5,308.5,110,1,0.045
0,GasterBlaster,5,323.5,308.5,323.5,308.5,290,1,0.045
0.045,GasterBlaster,5,323.5,308.5,323.5,308.5,120,1,0.045
0,GasterBlaster,5,323.5,308.5,323.5,308.5,300,1,0.045
0.045,GasterBlaster,5,323.5,308.5,323.5,308.5,130,1,0.045
0,GasterBlaster,5,323.5,308.5,323.5,308.5,310,1,0.045
0.045,GasterBlaster,5,323.5,308.5,323.5,308.5,140,1,0.045
0,GasterBlaster,5,323.5,308.5,323.5,308.5,320,1,0.045
0.045,GasterBlaster,5,323.5,308.5,323.5,308.5,150,1,0.045
0,GasterBlaster,5,323.5,308.5,323.5,308.5,330,1,0.045
0.045,GasterBlaster,5,323.5,308.5,323.5,308.5,160,1,0.045
0,GasterBlaster,5,323.5,308.5,323.5,308.5,340,1,0.045
0.045,GasterBlaster,5,323.5,308.5,323.5,308.5,170,1,0.045
0,GasterBlaster,5,323.5,308.5,323.5,308.5,350,1,0.045
0.045,GasterBlaster,5,323.5,308.5,323.5,308.5,180,1,0.045
0,GasterBlaster,5,323.5,308.5,323.5,308.5,0,1,0.045
0.045,GasterBlaster,5,323.5,308.5,323.5,308.5,190,1,0.045
0,GasterBlaster,5,323.5,308.5,323.5,308.5,10,1,0.045
0.045,GasterBlaster,5,323.5,308.5,323.5,308.5,200,1,0.045
0,GasterBlaster,5,323.5,308.5,323.5,308.5,20,1,0.045
0.045,GasterBlaster,5,323.5,308.5,323.5,308.5,210,1,0.045
0,GasterBlaster,5,323.5,308.5,323.5,308.5,30,1,0.045
0.045,GasterBlaster,5,323.5,308.5,323.5,308.5,220,1,0.045
0,GasterBlaster,5,323.5,308.5,323.5,308.5,40,1,0.045
0.045,GasterBlaster,5,323.5,308.5,323.5,308.5,230,1,0.045
0,GasterBlaster,5,323.5,308.5,323.5,308.5,50,1,0.045
0.045,GasterBlaster,5,323.5,308.5,323.5,308.5,240,1,0.045
0,GasterBlaster,5,323.5,308.5,323.5,308.5,60,1,0.045
0.045,GasterBlaster,5,323.5,308.5,323.5,308.5,250,1,0.045
0,GasterBlaster,5,323.5,308.5,323.5,308.5,70,1,0.045
0.045,GasterBlaster,5,323.5,308.5,323.5,308.5,260,1,0.045
0,GasterBlaster,5,323.5,308.5,323.5,308.5,80,1,0.045
0.045,GasterBlaster,5,323.5,308.5,323.5,308.5,270,1,0.045
0,GasterBlaster,5,323.5,308.5,323.5,308.5,90,1,0.045
0.045,GasterBlaster,5,323.5,308.5,323.5,308.5,280,1,0.045
0,GasterBlaster,5,323.5,308.5,323.5,308.5,100,1,0.045
0.045,GasterBlaster,5,323.5,308.5,323.5,308.5,290,1,0.045
0,GasterBlaster,5,323.5,308.5,323.5,308.5,110,1,0.045
0.045,GasterBlaster,5,323.5,308.5,323.5,308.5,300,1,0.045
0,GasterBlaster,5,323.5,308.5,323.5,308.5,120,1,0.045
0.045,GasterBlaster,5,323.5,308.5,323.5,308.5,310,1,0.045
0,GasterBlaster,5,323.5,308.5,323.5,308.5,130,1,0.045
0.045,GasterBlaster,5,323.5,308.5,323.5,308.5,320,1,0.045
0,GasterBlaster,5,323.5,308.5,323.5,308.5,140,1,0.045
0.045,GasterBlaster,5,323.5,308.5,323.5,308.5,330,1,0.045
0,GasterBlaster,5,323.5,308.5,323.5,308.5,150,1,0.045
0.045,GasterBlaster,5,323.5,308.5,323.5,308.5,340,1,0.045
0,GasterBlaster,5,323.5,308.5,323.5,308.5,160,1,0.045
0.045,GasterBlaster,5,323.5,308.5,323.5,308.5,350,1,0.045
0,GasterBlaster,5,323.5,308.5,323.5,308.5,170,1,0.045
0.045,GasterBlaster,5,323.5,308.5,323.5,308.5,0,1,0.045
0,GasterBlaster,5,323.5,308.5,323.5,308.5,180,1,0.045
0.045,GasterBlaster,5,323.5,308.5,323.5,308.5,10,1,0.045
0,GasterBlaster,5,323.5,308.5,323.5,308.5,190,1,0.045
0.045,GasterBlaster,5,323.5,308.5,323.5,308.5,20,1,0.045
0,GasterBlaster,5,323.5,308.5,323.5,308.5,200,1,0.045
0.045,GasterBlaster,5,323.5,308.5,323.5,308.5,30,1,0.045
0,GasterBlaster,5,323.5,308.5,323.5,308.5,210,1,0.045
0.045,GasterBlaster,5,323.5,308.5,323.5,308.5,40,1,0.045
0,GasterBlaster,5,323.5,308.5,323.5,308.5,220,1,0.045
0.045,GasterBlaster,5,323.5,308.5,323.5,308.5,50,1,0.045
0,GasterBlaster,5,323.5,308.5,323.5,308.5,230,1,0.045
0.045,GasterBlaster,5,323.5,308.5,323.5,308.5,60,1,0.045
0,GasterBlaster,5,323.5,308.5,323.5,308.5,240,1,0.045
0.045,GasterBlaster,5,323.5,308.5,323.5,308.5,70,1,0.045
0,GasterBlaster,5,323.5,308.5,323.5,308.5,250,1,0.045
0.045,GasterBlaster,5,323.5,308.5,323.5,308.5,80,1,0.045
0,GasterBlaster,5,323.5,308.5,323.5,308.5,260,1,0.045
0.045,GasterBlaster,5,323.5,308.5,323.5,308.5,90,1,0.045
0,GasterBlaster,5,323.5,308.5,323.5,308.5,270,1,0.045
0.045,GasterBlaster,5,323.5,308.5,323.5,308.5,100,1,0.045
0,GasterBlaster,5,323.5,308.5,323.5,308.5,280,1,0.045
0.045,GasterBlaster,5,323.5,308.5,323.5,308.5,110,1,0.045
0,GasterBlaster,5,323.5,308.5,323.5,308.5,290,1,0.045
0.045,GasterBlaster,5,323.5,308.5,323.5,308.5,120,1,0.045
0,GasterBlaster,5,323.5,308.5,323.5,308.5,300,1,0.045
0.045,GasterBlaster,5,323.5,308.5,323.5,308.5,130,1,0.045
0,GasterBlaster,5,323.5,308.5,323.5,308.5,310,1,0.045
0.045,GasterBlaster,5,323.5,308.5,323.5,308.5,140,1,0.045
0,GasterBlaster,5,323.5,308.5,323.5,308.5,320,1,0.045
0.045,GasterBlaster,5,323.5,308.5,323.5,308.5,150,1,0.045
0,GasterBlaster,5,323.5,308.5,323.5,308.5,330,1,0.045
0.045,GasterBlaster,5,323.5,308.5,323.5,308.5,160,1,0.045
0,GasterBlaster,5,323.5,308.5,323.5,308.5,340,1,0.045
0.045,GasterBlaster,5,323.5,308.5,323.5,308.5,170,1,0.045
0,GasterBlaster,5,323.5,308.5,323.5,308.5,350,1,0.045
0.045,GasterBlaster,5,323.5,308.5,323.5,308.5,180,1,0.045
0,GasterBlaster,5,323.5,308.5,323.5,308.5,0,1,0.045
0.045,GasterBlaster,5,323.5,308.5,323.5,308.5,190,1,0.045
0,GasterBlaster,5,323.5,308.5,323.5,308.5,10,1,0.045
0.045,GasterBlaster,5,323.5,308.5,323.5,308.5,200,1,0.045
0,GasterBlaster,5,323.5,308.5,323.5,308.5,20,1,0.045
0.045,GasterBlaster,5,323.5,308.5,323.5,308.5,210,1,0.045
0,GasterBlaster,5,323.5,308.5,323.5,308.5,30,1,0.045
0.045,GasterBlaster,5,323.5,308.5,323.5,308.5,220,1,0.045
0,GasterBlaster,5,323.5,308.5,323.5,308.5,40,1,0.045
0.045,GasterBlaster,5,323.5,308.5,323.5,308.5,230,1,0.045
0,GasterBlaster,5,323.5,308.5,323.5,308.5,50,1,0.045
0.045,GasterBlaster,5,323.5,308.5,323.5,308.5,240,1,0.045
0,GasterBlaster,5,323.5,308.5,323.5,308.5,60,1,0.045
0.045,GasterBlaster,5,323.5,308.5,323.5,308.5,250,1,0.045
0,GasterBlaster,5,323.5,308.5,323.5,308.5,70,1,0.045
0.045,GasterBlaster,5,323.5,308.5,323.5,308.5,260,1,0.045
0,GasterBlaster,5,323.5,308.5,323.5,308.5,80,1,0.045
0.045,GasterBlaster,5,323.5,308.5,323.5,308.5,270,1,0.045
0,GasterBlaster,5,323.5,308.5,323.5,308.5,90,1,0.045
0.045,GasterBlaster,5,323.5,308.5,323.5,308.5,280,1,0.045
0,GasterBlaster,5,323.5,308.5,323.5,308.5,100,1,0.045
0.045,GasterBlaster,5,323.5,308.5,323.5,308.5,290,1,0.045
0,GasterBlaster,5,323.5,308.5,323.5,308.5,110,1,0.045
0.045,GasterBlaster,5,323.5,308.5,323.5,308.5,300,1,0.045
0,GasterBlaster,5,323.5,308.5,323.5,308.5,120,1,0.045
0.045,GasterBlaster,5,323.5,308.5,323.5,308.5,310,1,0.045
0,GasterBlaster,5,323.5,308.5,323.5,308.5,130,1,0.045
0.045,GasterBlaster,5,323.5,308.5,323.5,308.5,320,1,0.045
0,GasterBlaster,5,323.5,308.5,323.5,308.5,140,1,0.045
0.045,GasterBlaster,5,323.5,308.5,323.5,308.5,330,1,0.045
0,GasterBlaster,5,323.5,308.5,323.5,308.5,150,1,0.045
0.045,GasterBlaster,5,323.5,308.5,323.5,308.5,340,1,0.045
0,GasterBlaster,5,323.5,308.5,323.5,308.5,160,1,0.045
0.045,GasterBlaster,5,323.5,308.5,323.5,308.5,350,1,0.045
0,GasterBlaster,5,323.5,308.5,323.5,308.5,170,1,0.045
0.045,GasterBlaster,5,323.5,308.5,323.5,308.5,0,1,0.045
0,GasterBlaster,5,323.5,308.5,323.5,308.5,180,1,0.045
0.045,GasterBlaster,5,323.5,308.5,323.5,308.5,10,1,0.045
0,GasterBlaster,5,323.5,308.5,323.5,308.5,190,1,0.045
0.045,GasterBlaster,5,323.5,308.5,323.5,308.5,20,1,0.045
0,GasterBlaster,5,323.5,308.5,323.5,308.5,200,1,0.045
0.045,GasterBlaster,5,323.5,308.5,323.5,308.5,30,1,0.045
0,GasterBlaster,5,323.5,308.5,323.5,308.5,210,1,0.045
0.045,GasterBlaster,5,323.5,308.5,323.5,308.5,40,1,0.045
0,GasterBlaster,5,323.5,308.5,323.5,308.5,220,1,0.045
0.045,GasterBlaster,5,323.5,308.5,323.5,308.5,50,1,0.045
0,GasterBlaster,5,323.5,308.5,323.5,308.5,230,1,0.045
0.045,GasterBlaster,5,323.5,308.5,323.5,308.5,60,1,0.045
0,GasterBlaster,5,323.5,308.5,323.5,308.5,240,1,0.045
0.045,GasterBlaster,5,323.5,308.5,323.5,308.5,70,1,0.045
0,GasterBlaster,5,323.5,308.5,323.5,308.5,250,1,0.045
0.045,GasterBlaster,5,323.5,308.5,323.5,308.5,80,1,0.045
0,GasterBlaster,5,323.5,308.5,323.5,308.5,260,1,0.045
0.045,GasterBlaster,5,323.5,308.5,323.5,308.5,90,1,0.045
0,GasterBlaster,5,323.5,308.5,323.5,308.5,270,1,0.045
0.045,GasterBlaster,5,323.5,308.5,323.5,308.5,100,1,0.045
0,GasterBlaster,5,323.5,308.5,323.5,308.5,280,1,0.045
0.045,GasterBlaster,5,323.5,308.5,323.5,308.5,110,1,0.045
0,GasterBlaster,5,323.5,308.5,323.5,308.5,290,1,0.045
0.045,GasterBlaster,5,323.5,308.5,323.5,308.5,120,1,0.045
0,GasterBlaster,5,323.5,308.5,323.5,308.5,300,1,0.045
0.045,GasterBlaster,5,323.5,308.5,323.5,308.5,130,1,0.045
0,GasterBlaster,5,323.5,308.5,323.5,308.5,310,1,0.045
0.045,GasterBlaster,5,323.5,308.5,323.5,308.5,140,1,0.045
0,GasterBlaster,5,323.5,308.5,323.5,308.5,320,1,0.045
0.045,GasterBlaster,5,323.5,308.5,323.5,308.5,150,1,0.045
0,GasterBlaster,5,323.5,308.5,323.5,308.5,330,1,0.045
0.045,GasterBlaster,5,323.5,308.5,323.5,308.5,160,1,0.045
0,GasterBlaster,5,323.5,308.5,323.5,308.5,340,1,0.045
0.045,GasterBlaster,5,323.5,308.5,323.5,308.5,170,1,0.045
0,GasterBlaster,5,323.5,308.5,323.5,308.5,350,1,0.045
0.045,GasterBlaster,5,323.5,308.5,323.5,308.5,180,1,0.045
0,GasterBlaster,5,323.5,308.5,323.5,308.5,0,1,0.045
0.045,GasterBlaster,5,323.5,308.5,323.5,308.5,190,1,0.045
0,GasterBlaster,5,323.5,308.5,323.5,308.5,10,1,0.045
0.045,GasterBlaster,5,323.5,308.5,323.5,308.5,200,1,0.045
0,GasterBlaster,5,323.5,308.5,323.5,308.5,20,1,0.045
0.045,GasterBlaster,5,323.5,308.5,323.5,308.5,210,1,0.045
0,GasterBlaster,5,323.5,308.5,323.5,308.5,30,1,0.045
0.045,GasterBlaster,5,323.5,308.5,323.5,308.5,220,1,0.045
0,GasterBlaster,5,323.5,308.5,323.5,308.5,40,1,0.045
0.045,GasterBlaster,5,323.5,308.5,323.5,308.5,230,1,0.045
0,GasterBlaster,5,323.5,308.5,323.5,308.5,50,1,0.045
0.045,GasterBlaster,5,323.5,308.5,323.5,308.5,240,1,0.045
0,GasterBlaster,5,323.5,308.5,323.5,308.5,60,1,0.045
0.045,GasterBlaster,5,323.5,308.5,323.5,308.5,250,1,0.045
0,GasterBlaster,5,323.5,308.5,323.5,308.5,70,1,0.045
0.045,GasterBlaster,5,323.5,308.5,323.5,308.5,260,1,0.045
0,GasterBlaster,5,323.5,308.5,323.5,308.5,80,1,0.045
0.045,GasterBlaster,5,323.5,308.5,323.5,308.5,270,1,0.045
0,GasterBlaster,5,323.5,308.5,323.5,308.5,90,1,0.045
0.045,GasterBlaster,5,323.5,308.5,323.5,308.5,280,1,0.045
0,GasterBlaster,5,323.5,308.5,323.5,308.5,100,1,0.045
0.045,GasterBlaster,5,323.5,308.5,323.5,308.5,290,1,0.045
0,GasterBlaster,5,323.5,308.5,323.5,308.5,110,1,0.045
0.045,GasterBlaster,5,323.5,308.5,323.5,308.5,300,1,0.045
0,GasterBlaster,5,323.5,308.5,323.5,308.5,120,1,0.045
0.045,GasterBlaster,5,323.5,308.5,323.5,308.5,310,1,0.045
0,GasterBlaster,5,323.5,308.5,323.5,308.5,130,1,0.045
0.045,GasterBlaster,5,323.5,308.5,323.5,308.5,320,1,0.045
0,GasterBlaster,5,323.5,308.5,323.5,308.5,140,1,0.045
0.045,GasterBlaster,5,323.5,308.5,323.5,308.5,330,1,0.045
0,GasterBlaster,5,323.5,308.5,323.5,308.5,150,1,0.045
0.045,GasterBlaster,5,323.5,308.5,323.5,308.5,340,1,0.045
0,GasterBlaster,5,323.5,308.5,323.5,308.5,160,1,0.045
0.045,GasterBlaster,5,323.5,308.5,323.5,308.5,350,1,0.045
0,GasterBlaster,5,323.5,308.5,323.5,308.5,170,1,0.045
1.1,SansBody,HandDown,,,,,,,
0,SansSlam,1,,,
0.1,BoneStab,1,55,0.75,1
0.8,SansBody,HandRight,,,
0,SansSlam,0,,,
0.1,BoneStab,0,55,0.75,1
0.8,SansBody,HandUp,,,
0,SansSlam,3,,,
0.1,BoneStab,3,55,0.75,1
0.8,SansBody,HandDown,,,
0,SansSlam,1,,,
0.1,BoneStab,1,55,0.75,1
0.8,SansBody,HandLeft,,,
0,SansSlam,2,,,
0.1,BoneStab,2,55,0.75,1
0.8,SansBody,HandUp,,,
0,SansSlam,3,,,
0.1,BoneStab,3,55,0.75,1,,,,
0.8,SansBody,HandDown,,,,,,,
0,SansSlam,1,,,,,,,
0.1,BoneStab,1,55,0.75,,,,,
0.8,SansBody,HandRight,,,,,,,
0,SansSlam,0,,,,,,,
0.1,BoneStab,0,60,0.75,0.2,,,,
0,BoneStab,1,60,0.75,0.2,,,,
0,BoneStab,2,60,0.75,0.2,,,,
0,BoneStab,3,60,0.75,0.2,,,,
0.8,HeartMode,0,,,,,,,
0,Sound,Ding,,,,,,,
0,SansAnimation,Tired,,,,,,,
0.1,GasterBlaster,2,323.5,536,323.5,436,270,0.3,0.5
0,GasterBlaster,2,323.5,76,323.5,176,90,0.3,0.5
0,GasterBlaster,2,551,308.5,451,308.5,180,0.3,0.5
0,GasterBlaster,2,91,308.5,191,308.5,0,0.3,0.5
0,GasterBlaster,2,586,371,486,371,180,0.3,0.5
0,GasterBlaster,2,386,371,386,471,270,0.3,0.5
1.5,SansSlam,2,,,,,,,
0,SansBody,HandLeft,,,,,,,
0.1,BoneStab,2,50,0.6,0.7,,,,
0,BoneStab,3,50,0.6,0.7,,,,
0.7,SansSlam,0,,,,,,,
0,SansBody,HandRight,,,,,,,
0.1,BoneStab,0,50,0.55,0.7,,,,
0,BoneStab,1,50,0.55,,,,,
0.75,SansSlam,1,,,,,,,
0,SansBody,HandDown,,,,,,,
0.1,BoneStab,3,50,0.6,0.7,,,,
0,BoneStab,1,50,0.6,0.7,,,,
0.7,HeartMode,0,,,,,,,
0,Sound,Ding,,,,,,,
0,Sound,Ding,,,,,,,
0,Sound,Ding,0.5,,,,,,
0,Sound,Ding,0.5,,,,,,
0.65,GasterBlaster,5,323.5,308.5,323.5,308.5,0,1,0.045
0,GasterBlaster,5,323.5,308.5,323.5,308.5,180,1,0.045
0,GasterBlaster,5,323.5,308.5,323.5,308.5,90,1,0.045
0,GasterBlaster,5,323.5,308.5,323.5,308.5,270,1,0.045
0.045,GasterBlaster,5,323.5,308.5,323.5,308.5,5,1,0.045
0,GasterBlaster,5,323.5,308.5,323.5,308.5,185,1,0.045
0,GasterBlaster,5,323.5,308.5,323.5,308.5,95,1,0.045
0,GasterBlaster,5,323.5,308.5,323.5,308.5,275,1,0.045
0.045,GasterBlaster,5,323.5,308.5,323.5,308.5,10,1,0.045
0,GasterBlaster,5,323.5,308.5,323.5,308.5,190,1,0.045
0,GasterBlaster,5,323.5,308.5,323.5,308.5,100,1,0.045
0,GasterBlaster,5,323.5,308.5,323.5,308.5,280,1,0.045
0.045,GasterBlaster,5,323.5,308.5,323.5,308.5,15,1,0.045
0,GasterBlaster,5,323.5,308.5,323.5,308.5,195,1,0.045
0,GasterBlaster,5,323.5,308.5,323.5,308.5,105,1,0.045
0,GasterBlaster,5,323.5,308.5,323.5,308.5,285,1,0.045
0.045,GasterBlaster,5,323.5,308.5,323.5,308.5,20,1,0.045
0,GasterBlaster,5,323.5,308.5,323.5,308.5,200,1,0.045
0,GasterBlaster,5,323.5,308.5,323.5,308.5,110,1,0.045
0,GasterBlaster,5,323.5,308.5,323.5,308.5,290,1,0.045
0.045,GasterBlaster,5,323.5,308.5,323.5,308.5,25,1,0.045
0,GasterBlaster,5,323.5,308.5,323.5,308.5,205,1,0.045
0,GasterBlaster,5,323.5,308.5,323.5,308.5,115,1,0.045
0,GasterBlaster,5,323.5,308.5,323.5,308.5,295,1,0.045
0.045,GasterBlaster,5,323.5,308.5,323.5,308.5,30,1,0.045
0,GasterBlaster,5,323.5,308.5,323.5,308.5,210,1,0.045
0,GasterBlaster,5,323.5,308.5,323.5,308.5,120,1,0.045
0,GasterBlaster,5,323.5,308.5,323.5,308.5,300,1,0.045
0.045,GasterBlaster,5,323.5,308.5,323.5,308.5,35,1,0.045
0,GasterBlaster,5,323.5,308.5,323.5,308.5,215,1,0.045
0,GasterBlaster,5,323.5,308.5,323.5,308.5,125,1,0.045
0,GasterBlaster,5,323.5,308.5,323.5,308.5,305,1,0.045
0.045,GasterBlaster,5,323.5,308.5,323.5,308.5,40,1,0.045
0,GasterBlaster,5,323.5,308.5,323.5,308.5,220,1,0.045
0,GasterBlaster,5,323.5,308.5,323.5,308.5,130,1,0.045
0,GasterBlaster,5,323.5,308.5,323.5,308.5,310,1,0.045
0.045,GasterBlaster,5,323.5,308.5,323.5,308.5,45,1,0.045
0,GasterBlaster,5,323.5,308.5,323.5,308.5,225,1,0.045
0,GasterBlaster,5,323.5,308.5,323.5,308.5,135,1,0.045
0,GasterBlaster,5,323.5,308.5,323.5,308.5,315,1,0.045
0.045,GasterBlaster,5,323.5,308.5,323.5,308.5,50,1,0.045
0,GasterBlaster,5,323.5,308.5,323.5,308.5,230,1,0.045
0,GasterBlaster,5,323.5,308.5,323.5,308.5,140,1,0.045
0,GasterBlaster,5,323.5,308.5,323.5,308.5,320,1,0.045
0.045,GasterBlaster,5,323.5,308.5,323.5,308.5,55,1,0.045
0,GasterBlaster,5,323.5,308.5,323.5,308.5,235,1,0.045
0,GasterBlaster,5,323.5,308.5,323.5,308.5,145,1,0.045
0,GasterBlaster,5,323.5,308.5,323.5,308.5,325,1,0.045
0.045,GasterBlaster,5,323.5,308.5,323.5,308.5,60,1,0.045
0,GasterBlaster,5,323.5,308.5,323.5,308.5,240,1,0.045
0,GasterBlaster,5,323.5,308.5,323.5,308.5,150,1,0.045
0,GasterBlaster,5,323.5,308.5,323.5,308.5,330,1,0.045
0.045,GasterBlaster,5,323.5,308.5,323.5,308.5,65,1,0.045
0,GasterBlaster,5,323.5,308.5,323.5,308.5,245,1,0.045
0,GasterBlaster,5,323.5,308.5,323.5,308.5,155,1,0.045
0,GasterBlaster,5,323.5,308.5,323.5,308.5,335,1,0.045
0.045,GasterBlaster,5,323.5,308.5,323.5,308.5,70,1,0.045
0,GasterBlaster,5,323.5,308.5,323.5,308.5,250,1,0.045
0,GasterBlaster,5,323.5,308.5,323.5,308.5,160,1,0.045
0,GasterBlaster,5,323.5,308.5,323.5,308.5,340,1,0.045
0.045,GasterBlaster,5,323.5,308.5,323.5,308.5,75,1,0.045
0,GasterBlaster,5,323.5,308.5,323.5,308.5,255,1,0.045
0,GasterBlaster,5,323.5,308.5,323.5,308.5,165,1,0.045
0,GasterBlaster,5,323.5,308.5,323.5,308.5,345,1,0.045
0.045,GasterBlaster,5,323.5,308.5,323.5,308.5,80,1,0.045
0,GasterBlaster,5,323.5,308.5,323.5,308.5,260,1,0.045
0,GasterBlaster,5,323.5,308.5,323.5,308.5,170,1,0.045
0,GasterBlaster,5,323.5,308.5,323.5,308.5,350,1,0.045
0.045,GasterBlaster,5,323.5,308.5,323.5,308.5,85,1,0.045
0,GasterBlaster,5,323.5,308.5,323.5,308.5,265,1,0.045
0,GasterBlaster,5,323.5,308.5,323.5,308.5,175,1,0.045
0,GasterBlaster,5,323.5,308.5,323.5,308.5,355,1,0.045
0.045,GasterBlaster,5,323.5,308.5,323.5,308.5,90,1,0.045
0,GasterBlaster,5,323.5,308.5,323.5,308.5,270,1,0.045
0,GasterBlaster,5,323.5,308.5,323.5,308.5,180,1,0.045
0,GasterBlaster,5,323.5,308.5,323.5,308.5,0,1,0.045
0.045,GasterBlaster,5,323.5,308.5,323.5,308.5,95,1,0.045
0,GasterBlaster,5,323.5,308.5,323.5,308.5,275,1,0.045
0,GasterBlaster,5,323.5,308.5,323.5,308.5,185,1,0.045
0,GasterBlaster,5,323.5,308.5,323.5,308.5,5,1,0.045
0.045,GasterBlaster,5,323.5,308.5,323.5,308.5,100,1,0.045
0,GasterBlaster,5,323.5,308.5,323.5,308.5,280,1,0.045
0,GasterBlaster,5,323.5,308.5,323.5,308.5,190,1,0.045
0,GasterBlaster,5,323.5,308.5,323.5,308.5,10,1,0.045
0.045,GasterBlaster,5,323.5,308.5,323.5,308.5,105,1,0.045
0,GasterBlaster,5,323.5,308.5,323.5,308.5,285,1,0.045
0,GasterBlaster,5,323.5,308.5,323.5,308.5,195,1,0.045
0,GasterBlaster,5,323.5,308.5,323.5,308.5,15,1,0.045
0.045,GasterBlaster,5,323.5,308.5,323.5,308.5,110,1,0.045
0,GasterBlaster,5,323.5,308.5,323.5,308.5,290,1,0.045
0,GasterBlaster,5,323.5,308.5,323.5,308.5,200,1,0.045
0,GasterBlaster,5,323.5,308.5,323.5,308.5,20,1,0.045
0.045,GasterBlaster,5,323.5,308.5,323.5,308.5,115,1,0.045
0,GasterBlaster,5,323.5,308.5,323.5,308.5,295,1,0.045
0,GasterBlaster,5,323.5,308.5,323.5,308.5,205,1,0.045
0,GasterBlaster,5,323.5,308.5,323.5,308.5,25,1,0.045
0.045,GasterBlaster,5,323.5,308.5,323.5,308.5,120,1,0.045
0,GasterBlaster,5,323.5,308.5,323.5,308.5,300,1,0.045
0,GasterBlaster,5,323.5,308.5,323.5,308.5,210,1,0.045
0,GasterBlaster,5,323.5,308.5,323.5,308.5,30,1,0.045
0.045,GasterBlaster,5,323.5,308.5,323.5,308.5,125,1,0.045
0,GasterBlaster,5,323.5,308.5,323.5,308.5,305,1,0.045
0,GasterBlaster,5,323.5,308.5,323.5,308.5,215,1,0.045
0,GasterBlaster,5,323.5,308.5,323.5,308.5,35,1,0.045
0.045,GasterBlaster,5,323.5,308.5,323.5,308.5,130,1,0.045
0,GasterBlaster,5,323.5,308.5,323.5,308.5,310,1,0.045
0,GasterBlaster,5,323.5,308.5,323.5,308.5,220,1,0.045
0,GasterBlaster,5,323.5,308.5,323.5,308.5,40,1,0.045
0.045,GasterBlaster,5,323.5,308.5,323.5,308.5,135,1,0.045
0,GasterBlaster,5,323.5,308.5,323.5,308.5,315,1,0.045
0,GasterBlaster,5,323.5,308.5,323.5,308.5,225,1,0.045
0,GasterBlaster,5,323.5,308.5,323.5,308.5,45,1,0.045
0.045,GasterBlaster,5,323.5,308.5,323.5,308.5,140,1,0.045
0,GasterBlaster,5,323.5,308.5,323.5,308.5,320,1,0.045
0,GasterBlaster,5,323.5,308.5,323.5,308.5,230,1,0.045
0,GasterBlaster,5,323.5,308.5,323.5,308.5,50,1,0.045
0.045,GasterBlaster,5,323.5,308.5,323.5,308.5,145,1,0.045
0,GasterBlaster,5,323.5,308.5,323.5,308.5,325,1,0.045
0,GasterBlaster,5,323.5,308.5,323.5,308.5,235,1,0.045
0,GasterBlaster,5,323.5,308.5,323.5,308.5,55,1,0.045
0.045,GasterBlaster,5,323.5,308.5,323.5,308.5,150,1,0.045
0,GasterBlaster,5,323.5,308.5,323.5,308.5,330,1,0.045
0,GasterBlaster,5,323.5,308.5,323.5,308.5,240,1,0.045
0,GasterBlaster,5,323.5,308.5,323.5,308.5,60,1,0.045
0.045,GasterBlaster,5,323.5,308.5,323.5,308.5,155,1,0.045
0,GasterBlaster,5,323.5,308.5,323.5,308.5,335,1,0.045
0,GasterBlaster,5,323.5,308.5,323.5,308.5,245,1,0.045
0,GasterBlaster,5,323.5,308.5,323.5,308.5,65,1,0.045
0.045,GasterBlaster,5,323.5,308.5,323.5,308.5,160,1,0.045
0,GasterBlaster,5,323.5,308.5,323.5,308.5,340,1,0.045
0,GasterBlaster,5,323.5,308.5,323.5,308.5,250,1,0.045
0,GasterBlaster,5,323.5,308.5,323.5,308.5,70,1,0.045
0.045,GasterBlaster,5,323.5,308.5,323.5,308.5,165,1,0.045
0,GasterBlaster,5,323.5,308.5,323.5,308.5,345,1,0.045
0,GasterBlaster,5,323.5,308.5,323.5,308.5,255,1,0.045
0,GasterBlaster,5,323.5,308.5,323.5,308.5,75,1,0.045
0.045,GasterBlaster,5,323.5,308.5,323.5,308.5,170,1,0.045
0,GasterBlaster,5,323.5,308.5,323.5,308.5,350,1,0.045
0,GasterBlaster,5,323.5,308.5,323.5,308.5,260,1,0.045
0,GasterBlaster,5,323.5,308.5,323.5,308.5,80,1,0.045
0.045,GasterBlaster,5,323.5,308.5,323.5,308.5,175,1,0.045
0,GasterBlaster,5,323.5,308.5,323.5,308.5,355,1,0.045
0,GasterBlaster,5,323.5,308.5,323.5,308.5,265,1,0.045
0,GasterBlaster,5,323.5,308.5,323.5,308.5,85,1,0.045

0.045,GasterBlaster,5,323.5,308.5,323.5,308.5,0,1,0.045
0,GasterBlaster,5,323.5,308.5,323.5,308.5,180,1,0.045
0,GasterBlaster,5,323.5,308.5,323.5,308.5,90,1,0.045
0,GasterBlaster,5,323.5,308.5,323.5,308.5,270,1,0.045
0.045,GasterBlaster,5,323.5,308.5,323.5,308.5,5,1,0.045
0,GasterBlaster,5,323.5,308.5,323.5,308.5,185,1,0.045
0,GasterBlaster,5,323.5,308.5,323.5,308.5,95,1,0.045
0,GasterBlaster,5,323.5,308.5,323.5,308.5,275,1,0.045
0.045,GasterBlaster,5,323.5,308.5,323.5,308.5,10,1,0.045
0,GasterBlaster,5,323.5,308.5,323.5,308.5,190,1,0.045
0,GasterBlaster,5,323.5,308.5,323.5,308.5,100,1,0.045
0,GasterBlaster,5,323.5,308.5,323.5,308.5,280,1,0.045
0.045,GasterBlaster,5,323.5,308.5,323.5,308.5,15,1,0.045
0,GasterBlaster,5,323.5,308.5,323.5,308.5,195,1,0.045
0,GasterBlaster,5,323.5,308.5,323.5,308.5,105,1,0.045
0,GasterBlaster,5,323.5,308.5,323.5,308.5,285,1,0.045
0.045,GasterBlaster,5,323.5,308.5,323.5,308.5,20,1,0.045
0,GasterBlaster,5,323.5,308.5,323.5,308.5,200,1,0.045
0,GasterBlaster,5,323.5,308.5,323.5,308.5,110,1,0.045
0,GasterBlaster,5,323.5,308.5,323.5,308.5,290,1,0.045
0.045,GasterBlaster,5,323.5,308.5,323.5,308.5,25,1,0.045
0,GasterBlaster,5,323.5,308.5,323.5,308.5,205,1,0.045
0,GasterBlaster,5,323.5,308.5,323.5,308.5,115,1,0.045
0,GasterBlaster,5,323.5,308.5,323.5,308.5,295,1,0.045
0.045,GasterBlaster,5,323.5,308.5,323.5,308.5,30,1,0.045
0,GasterBlaster,5,323.5,308.5,323.5,308.5,210,1,0.045
0,GasterBlaster,5,323.5,308.5,323.5,308.5,120,1,0.045
0,GasterBlaster,5,323.5,308.5,323.5,308.5,300,1,0.045
0.045,GasterBlaster,5,323.5,308.5,323.5,308.5,35,1,0.045
0,GasterBlaster,5,323.5,308.5,323.5,308.5,215,1,0.045
0,GasterBlaster,5,323.5,308.5,323.5,308.5,125,1,0.045
0,GasterBlaster,5,323.5,308.5,323.5,308.5,305,1,0.045
0.045,GasterBlaster,5,323.5,308.5,323.5,308.5,40,1,0.045
0,GasterBlaster,5,323.5,308.5,323.5,308.5,220,1,0.045
0,GasterBlaster,5,323.5,308.5,323.5,308.5,130,1,0.045
0,GasterBlaster,5,323.5,308.5,323.5,308.5,310,1,0.045
0.045,GasterBlaster,5,323.5,308.5,323.5,308.5,45,1,0.045
0,GasterBlaster,5,323.5,308.5,323.5,308.5,225,1,0.045
0,GasterBlaster,5,323.5,308.5,323.5,308.5,135,1,0.045
0,GasterBlaster,5,323.5,308.5,323.5,308.5,315,1,0.045
0.045,GasterBlaster,5,323.5,308.5,323.5,308.5,50,1,0.045
0,GasterBlaster,5,323.5,308.5,323.5,308.5,230,1,0.045
0,GasterBlaster,5,323.5,308.5,323.5,308.5,140,1,0.045
0,GasterBlaster,5,323.5,308.5,323.5,308.5,320,1,0.045
0.045,GasterBlaster,5,323.5,308.5,323.5,308.5,55,1,0.045
0,GasterBlaster,5,323.5,308.5,323.5,308.5,235,1,0.045
0,GasterBlaster,5,323.5,308.5,323.5,308.5,145,1,0.045
0,GasterBlaster,5,323.5,308.5,323.5,308.5,325,1,0.045
0.045,GasterBlaster,5,323.5,308.5,323.5,308.5,60,1,0.045
0,GasterBlaster,5,323.5,308.5,323.5,308.5,240,1,0.045
0,GasterBlaster,5,323.5,308.5,323.5,308.5,150,1,0.045
0,GasterBlaster,5,323.5,308.5,323.5,308.5,330,1,0.045
0.045,GasterBlaster,5,323.5,308.5,323.5,308.5,65,1,0.045
0,GasterBlaster,5,323.5,308.5,323.5,308.5,245,1,0.045
0,GasterBlaster,5,323.5,308.5,323.5,308.5,155,1,0.045
0,GasterBlaster,5,323.5,308.5,323.5,308.5,335,1,0.045
0.045,GasterBlaster,5,323.5,308.5,323.5,308.5,70,1,0.045
0,GasterBlaster,5,323.5,308.5,323.5,308.5,250,1,0.045
0,GasterBlaster,5,323.5,308.5,323.5,308.5,160,1,0.045
0,GasterBlaster,5,323.5,308.5,323.5,308.5,340,1,0.045
0.045,GasterBlaster,5,323.5,308.5,323.5,308.5,75,1,0.045
0,GasterBlaster,5,323.5,308.5,323.5,308.5,255,1,0.045
0,GasterBlaster,5,323.5,308.5,323.5,308.5,165,1,0.045
0,GasterBlaster,5,323.5,308.5,323.5,308.5,345,1,0.045
0.045,GasterBlaster,5,323.5,308.5,323.5,308.5,80,1,0.045
0,GasterBlaster,5,323.5,308.5,323.5,308.5,260,1,0.045
0,GasterBlaster,5,323.5,308.5,323.5,308.5,170,1,0.045
0,GasterBlaster,5,323.5,308.5,323.5,308.5,350,1,0.045
0.045,GasterBlaster,5,323.5,308.5,323.5,308.5,85,1,0.045
0,GasterBlaster,5,323.5,308.5,323.5,308.5,265,1,0.045
0,GasterBlaster,5,323.5,308.5,323.5,308.5,175,1,0.045
0,GasterBlaster,5,323.5,308.5,323.5,308.5,355,1,0.045
0.045,GasterBlaster,5,323.5,308.5,323.5,308.5,90,1,0.045
0,GasterBlaster,5,323.5,308.5,323.5,308.5,270,1,0.045
0,GasterBlaster,5,323.5,308.5,323.5,308.5,180,1,0.045
0,GasterBlaster,5,323.5,308.5,323.5,308.5,0,1,0.045
0.045,GasterBlaster,5,323.5,308.5,323.5,308.5,95,1,0.045
0,GasterBlaster,5,323.5,308.5,323.5,308.5,275,1,0.045
0,GasterBlaster,5,323.5,308.5,323.5,308.5,185,1,0.045
0,GasterBlaster,5,323.5,308.5,323.5,308.5,5,1,0.045
0.045,GasterBlaster,5,323.5,308.5,323.5,308.5,100,1,0.045
0,GasterBlaster,5,323.5,308.5,323.5,308.5,280,1,0.045
0,GasterBlaster,5,323.5,308.5,323.5,308.5,190,1,0.045
0,GasterBlaster,5,323.5,308.5,323.5,308.5,10,1,0.045
0.045,GasterBlaster,5,323.5,308.5,323.5,308.5,105,1,0.045
0,GasterBlaster,5,323.5,308.5,323.5,308.5,285,1,0.045
0,GasterBlaster,5,323.5,308.5,323.5,308.5,195,1,0.045
0,GasterBlaster,5,323.5,308.5,323.5,308.5,15,1,0.045
0.045,GasterBlaster,5,323.5,308.5,323.5,308.5,110,1,0.045
0,GasterBlaster,5,323.5,308.5,323.5,308.5,290,1,0.045
0,GasterBlaster,5,323.5,308.5,323.5,308.5,200,1,0.045
0,GasterBlaster,5,323.5,308.5,323.5,308.5,20,1,0.045
0.045,GasterBlaster,5,323.5,308.5,323.5,308.5,115,1,0.045
0,GasterBlaster,5,323.5,308.5,323.5,308.5,295,1,0.045
0,GasterBlaster,5,323.5,308.5,323.5,308.5,205,1,0.045
0,GasterBlaster,5,323.5,308.5,323.5,308.5,25,1,0.045
0.045,GasterBlaster,5,323.5,308.5,323.5,308.5,120,1,0.045
0,GasterBlaster,5,323.5,308.5,323.5,308.5,300,1,0.045
0,GasterBlaster,5,323.5,308.5,323.5,308.5,210,1,0.045
0,GasterBlaster,5,323.5,308.5,323.5,308.5,30,1,0.045
0.045,GasterBlaster,5,323.5,308.5,323.5,308.5,125,1,0.045
0,GasterBlaster,5,323.5,308.5,323.5,308.5,305,1,0.045
0,GasterBlaster,5,323.5,308.5,323.5,308.5,215,1,0.045
0,GasterBlaster,5,323.5,308.5,323.5,308.5,35,1,0.045
0.045,GasterBlaster,5,323.5,308.5,323.5,308.5,130,1,0.045
0,GasterBlaster,5,323.5,308.5,323.5,308.5,310,1,0.045
0,GasterBlaster,5,323.5,308.5,323.5,308.5,220,1,0.045
0,GasterBlaster,5,323.5,308.5,323.5,308.5,40,1,0.045
0.045,GasterBlaster,5,323.5,308.5,323.5,308.5,135,1,0.045
0,GasterBlaster,5,323.5,308.5,323.5,308.5,315,1,0.045
0,GasterBlaster,5,323.5,308.5,323.5,308.5,225,1,0.045
0,GasterBlaster,5,323.5,308.5,323.5,308.5,45,1,0.045
0.045,GasterBlaster,5,323.5,308.5,323.5,308.5,140,1,0.045
0,GasterBlaster,5,323.5,308.5,323.5,308.5,320,1,0.045
0,GasterBlaster,5,323.5,308.5,323.5,308.5,230,1,0.045
0,GasterBlaster,5,323.5,308.5,323.5,308.5,50,1,0.045
0.045,GasterBlaster,5,323.5,308.5,323.5,308.5,145,1,0.045
0,GasterBlaster,5,323.5,308.5,323.5,308.5,325,1,0.045
0,GasterBlaster,5,323.5,308.5,323.5,308.5,235,1,0.045
0,GasterBlaster,5,323.5,308.5,323.5,308.5,55,1,0.045
0.045,GasterBlaster,5,323.5,308.5,323.5,308.5,150,1,0.045
0,GasterBlaster,5,323.5,308.5,323.5,308.5,330,1,0.045
0,GasterBlaster,5,323.5,308.5,323.5,308.5,240,1,0.045
0,GasterBlaster,5,323.5,308.5,323.5,308.5,60,1,0.045
0.045,GasterBlaster,5,323.5,308.5,323.5,308.5,155,1,0.045
0,GasterBlaster,5,323.5,308.5,323.5,308.5,335,1,0.045
0,GasterBlaster,5,323.5,308.5,323.5,308.5,245,1,0.045
0,GasterBlaster,5,323.5,308.5,323.5,308.5,65,1,0.045
0.045,GasterBlaster,5,323.5,308.5,323.5,308.5,160,1,0.045
0,GasterBlaster,5,323.5,308.5,323.5,308.5,340,1,0.045
0,GasterBlaster,5,323.5,308.5,323.5,308.5,250,1,0.045
0,GasterBlaster,5,323.5,308.5,323.5,308.5,70,1,0.045
0.045,GasterBlaster,5,323.5,308.5,323.5,308.5,165,1,0.045
0,GasterBlaster,5,323.5,308.5,323.5,308.5,345,1,0.045
0,GasterBlaster,5,323.5,308.5,323.5,308.5,255,1,0.045
0,GasterBlaster,5,323.5,308.5,323.5,308.5,75,1,0.045
0.045,GasterBlaster,5,323.5,308.5,323.5,308.5,170,1,0.045
0,GasterBlaster,5,323.5,308.5,323.5,308.5,350,1,0.045
0,GasterBlaster,5,323.5,308.5,323.5,308.5,260,1,0.045
0,GasterBlaster,5,323.5,308.5,323.5,308.5,80,1,0.045
0.045,GasterBlaster,5,323.5,308.5,323.5,308.5,175,1,0.045
0,GasterBlaster,5,323.5,308.5,323.5,308.5,355,1,0.045
0,GasterBlaster,5,323.5,308.5,323.5,308.5,265,1,0.045
0,GasterBlaster,5,323.5,308.5,323.5,308.5,85,1,0.045

0.045,GasterBlaster,5,323.5,308.5,323.5,308.5,0,1,0.045
0,GasterBlaster,5,323.5,308.5,323.5,308.5,180,1,0.045
0,GasterBlaster,5,323.5,308.5,323.5,308.5,90,1,0.045
0,GasterBlaster,5,323.5,308.5,323.5,308.5,270,1,0.045
0.045,GasterBlaster,5,323.5,308.5,323.5,308.5,5,1,0.045
0,GasterBlaster,5,323.5,308.5,323.5,308.5,185,1,0.045
0,GasterBlaster,5,323.5,308.5,323.5,308.5,95,1,0.045
0,GasterBlaster,5,323.5,308.5,323.5,308.5,275,1,0.045
0.045,GasterBlaster,5,323.5,308.5,323.5,308.5,10,1,0.045
0,GasterBlaster,5,323.5,308.5,323.5,308.5,190,1,0.045
0,GasterBlaster,5,323.5,308.5,323.5,308.5,100,1,0.045
0,GasterBlaster,5,323.5,308.5,323.5,308.5,280,1,0.045
0.045,GasterBlaster,5,323.5,308.5,323.5,308.5,15,1,0.045
0,GasterBlaster,5,323.5,308.5,323.5,308.5,195,1,0.045
0,GasterBlaster,5,323.5,308.5,323.5,308.5,105,1,0.045
0,GasterBlaster,5,323.5,308.5,323.5,308.5,285,1,0.045
0.045,GasterBlaster,5,323.5,308.5,323.5,308.5,20,1,0.045
0,GasterBlaster,5,323.5,308.5,323.5,308.5,200,1,0.045
0,GasterBlaster,5,323.5,308.5,323.5,308.5,110,1,0.045
0,GasterBlaster,5,323.5,308.5,323.5,308.5,290,1,0.045
0.045,GasterBlaster,5,323.5,308.5,323.5,308.5,25,1,0.045
0,GasterBlaster,5,323.5,308.5,323.5,308.5,205,1,0.045
0,GasterBlaster,5,323.5,308.5,323.5,308.5,115,1,0.045
0,GasterBlaster,5,323.5,308.5,323.5,308.5,295,1,0.045
0.045,GasterBlaster,5,323.5,308.5,323.5,308.5,30,1,0.045
0,GasterBlaster,5,323.5,308.5,323.5,308.5,210,1,0.045
0,GasterBlaster,5,323.5,308.5,323.5,308.5,120,1,0.045
0,GasterBlaster,5,323.5,308.5,323.5,308.5,300,1,0.045
0.045,GasterBlaster,5,323.5,308.5,323.5,308.5,35,1,0.045
0,GasterBlaster,5,323.5,308.5,323.5,308.5,215,1,0.045
0,GasterBlaster,5,323.5,308.5,323.5,308.5,125,1,0.045
0,GasterBlaster,5,323.5,308.5,323.5,308.5,305,1,0.045
0.045,GasterBlaster,5,323.5,308.5,323.5,308.5,40,1,0.045
0,GasterBlaster,5,323.5,308.5,323.5,308.5,220,1,0.045
0,GasterBlaster,5,323.5,308.5,323.5,308.5,130,1,0.045
0,GasterBlaster,5,323.5,308.5,323.5,308.5,310,1,0.045
0.045,GasterBlaster,5,323.5,308.5,323.5,308.5,45,1,0.045
0,GasterBlaster,5,323.5,308.5,323.5,308.5,225,1,0.045
0,GasterBlaster,5,323.5,308.5,323.5,308.5,135,1,0.045
0,GasterBlaster,5,323.5,308.5,323.5,308.5,315,1,0.045
0.045,GasterBlaster,5,323.5,308.5,323.5,308.5,50,1,0.045
0,GasterBlaster,5,323.5,308.5,323.5,308.5,230,1,0.045
0,GasterBlaster,5,323.5,308.5,323.5,308.5,140,1,0.045
0,GasterBlaster,5,323.5,308.5,323.5,308.5,320,1,0.045
0.045,GasterBlaster,5,323.5,308.5,323.5,308.5,55,1,0.045
0,GasterBlaster,5,323.5,308.5,323.5,308.5,235,1,0.045
0,GasterBlaster,5,323.5,308.5,323.5,308.5,145,1,0.045
0,GasterBlaster,5,323.5,308.5,323.5,308.5,325,1,0.045
0.045,GasterBlaster,5,323.5,308.5,323.5,308.5,60,1,0.045
0,GasterBlaster,5,323.5,308.5,323.5,308.5,240,1,0.045
0,GasterBlaster,5,323.5,308.5,323.5,308.5,150,1,0.045
0,GasterBlaster,5,323.5,308.5,323.5,308.5,330,1,0.045
0.045,GasterBlaster,5,323.5,308.5,323.5,308.5,65,1,0.045
0,GasterBlaster,5,323.5,308.5,323.5,308.5,245,1,0.045
0,GasterBlaster,5,323.5,308.5,323.5,308.5,155,1,0.045
0,GasterBlaster,5,323.5,308.5,323.5,308.5,335,1,0.045
0.045,GasterBlaster,5,323.5,308.5,323.5,308.5,70,1,0.045
0,GasterBlaster,5,323.5,308.5,323.5,308.5,250,1,0.045
0,GasterBlaster,5,323.5,308.5,323.5,308.5,160,1,0.045
0,GasterBlaster,5,323.5,308.5,323.5,308.5,340,1,0.045
0.045,GasterBlaster,5,323.5,308.5,323.5,308.5,75,1,0.045
0,GasterBlaster,5,323.5,308.5,323.5,308.5,255,1,0.045
0,GasterBlaster,5,323.5,308.5,323.5,308.5,165,1,0.045
0,GasterBlaster,5,323.5,308.5,323.5,308.5,345,1,0.045
0.045,GasterBlaster,5,323.5,308.5,323.5,308.5,80,1,0.045
0,GasterBlaster,5,323.5,308.5,323.5,308.5,260,1,0.045
0,GasterBlaster,5,323.5,308.5,323.5,308.5,170,1,0.045
0,GasterBlaster,5,323.5,308.5,323.5,308.5,350,1,0.045
0.045,GasterBlaster,5,323.5,308.5,323.5,308.5,85,1,0.045
0,GasterBlaster,5,323.5,308.5,323.5,308.5,265,1,0.045
0,GasterBlaster,5,323.5,308.5,323.5,308.5,175,1,0.045
0,GasterBlaster,5,323.5,308.5,323.5,308.5,355,1,0.045
0.045,GasterBlaster,5,323.5,308.5,323.5,308.5,90,1,0.045
0,GasterBlaster,5,323.5,308.5,323.5,308.5,270,1,0.045
0,GasterBlaster,5,323.5,308.5,323.5,308.5,180,1,0.045
0,GasterBlaster,5,323.5,308.5,323.5,308.5,0,1,0.045
0.045,GasterBlaster,5,323.5,308.5,323.5,308.5,95,1,0.045
0,GasterBlaster,5,323.5,308.5,323.5,308.5,275,1,0.045
0,GasterBlaster,5,323.5,308.5,323.5,308.5,185,1,0.045
0,GasterBlaster,5,323.5,308.5,323.5,308.5,5,1,0.045
0.045,GasterBlaster,5,323.5,308.5,323.5,308.5,100,1,0.045
0,GasterBlaster,5,323.5,308.5,323.5,308.5,280,1,0.045
0,GasterBlaster,5,323.5,308.5,323.5,308.5,190,1,0.045
0,GasterBlaster,5,323.5,308.5,323.5,308.5,10,1,0.045
0.045,GasterBlaster,5,323.5,308.5,323.5,308.5,105,1,0.045
0,GasterBlaster,5,323.5,308.5,323.5,308.5,285,1,0.045
0,GasterBlaster,5,323.5,308.5,323.5,308.5,195,1,0.045
0,GasterBlaster,5,323.5,308.5,323.5,308.5,15,1,0.045
0.045,GasterBlaster,5,323.5,308.5,323.5,308.5,110,1,0.045
0,GasterBlaster,5,323.5,308.5,323.5,308.5,290,1,0.045
0,GasterBlaster,5,323.5,308.5,323.5,308.5,200,1,0.045
0,GasterBlaster,5,323.5,308.5,323.5,308.5,20,1,0.045
0.045,GasterBlaster,5,323.5,308.5,323.5,308.5,115,1,0.045
0,GasterBlaster,5,323.5,308.5,323.5,308.5,295,1,0.045
0,GasterBlaster,5,323.5,308.5,323.5,308.5,205,1,0.045
0,GasterBlaster,5,323.5,308.5,323.5,308.5,25,1,0.045
0.045,GasterBlaster,5,323.5,308.5,323.5,308.5,120,1,0.045
0,GasterBlaster,5,323.5,308.5,323.5,308.5,300,1,0.045
0,GasterBlaster,5,323.5,308.5,323.5,308.5,210,1,0.045
0,GasterBlaster,5,323.5,308.5,323.5,308.5,30,1,0.045
0.045,GasterBlaster,5,323.5,308.5,323.5,308.5,125,1,0.045
0,GasterBlaster,5,323.5,308.5,323.5,308.5,305,1,0.045
0,GasterBlaster,5,323.5,308.5,323.5,308.5,215,1,0.045
0,GasterBlaster,5,323.5,308.5,323.5,308.5,35,1,0.045
0.045,GasterBlaster,5,323.5,308.5,323.5,308.5,130,1,0.045
0,GasterBlaster,5,323.5,308.5,323.5,308.5,310,1,0.045
0,GasterBlaster,5,323.5,308.5,323.5,308.5,220,1,0.045
0,GasterBlaster,5,323.5,308.5,323.5,308.5,40,1,0.045
0.045,GasterBlaster,5,323.5,308.5,323.5,308.5,135,1,0.045
0,GasterBlaster,5,323.5,308.5,323.5,308.5,315,1,0.045
0,GasterBlaster,5,323.5,308.5,323.5,308.5,225,1,0.045
0,GasterBlaster,5,323.5,308.5,323.5,308.5,45,1,0.045
0.045,GasterBlaster,5,323.5,308.5,323.5,308.5,140,1,0.045
0,GasterBlaster,5,323.5,308.5,323.5,308.5,320,1,0.045
0,GasterBlaster,5,323.5,308.5,323.5,308.5,230,1,0.045
0,GasterBlaster,5,323.5,308.5,323.5,308.5,50,1,0.045
0.045,GasterBlaster,5,323.5,308.5,323.5,308.5,145,1,0.045
0,GasterBlaster,5,323.5,308.5,323.5,308.5,325,1,0.045
0,GasterBlaster,5,323.5,308.5,323.5,308.5,235,1,0.045
0,GasterBlaster,5,323.5,308.5,323.5,308.5,55,1,0.045
0.045,GasterBlaster,5,323.5,308.5,323.5,308.5,150,1,0.045
0,GasterBlaster,5,323.5,308.5,323.5,308.5,330,1,0.045
0,GasterBlaster,5,323.5,308.5,323.5,308.5,240,1,0.045
0,GasterBlaster,5,323.5,308.5,323.5,308.5,60,1,0.045
0.045,GasterBlaster,5,323.5,308.5,323.5,308.5,155,1,0.045
0,GasterBlaster,5,323.5,308.5,323.5,308.5,335,1,0.045
0,GasterBlaster,5,323.5,308.5,323.5,308.5,245,1,0.045
0,GasterBlaster,5,323.5,308.5,323.5,308.5,65,1,0.045
0.045,GasterBlaster,5,323.5,308.5,323.5,308.5,160,1,0.045
0,GasterBlaster,5,323.5,308.5,323.5,308.5,340,1,0.045
0,GasterBlaster,5,323.5,308.5,323.5,308.5,250,1,0.045
0,GasterBlaster,5,323.5,308.5,323.5,308.5,70,1,0.045
0.045,GasterBlaster,5,323.5,308.5,323.5,308.5,165,1,0.045
0,GasterBlaster,5,323.5,308.5,323.5,308.5,345,1,0.045
0,GasterBlaster,5,323.5,308.5,323.5,308.5,255,1,0.045
0,GasterBlaster,5,323.5,308.5,323.5,308.5,75,1,0.045
0.045,GasterBlaster,5,323.5,308.5,323.5,308.5,170,1,0.045
0,GasterBlaster,5,323.5,308.5,323.5,308.5,350,1,0.045
0,GasterBlaster,5,323.5,308.5,323.5,308.5,260,1,0.045
0,GasterBlaster,5,323.5,308.5,323.5,308.5,80,1,0.045
0.045,GasterBlaster,5,323.5,308.5,323.5,308.5,175,1,0.045
0,GasterBlaster,5,323.5,308.5,323.5,308.5,355,1,0.045
0,GasterBlaster,5,323.5,308.5,323.5,308.5,265,1,0.045
0,GasterBlaster,5,323.5,308.5,323.5,308.5,85,1,0.045

0.045,GasterBlaster,5,323.5,308.5,323.5,308.5,0,1,0.045
0,GasterBlaster,5,323.5,308.5,323.5,308.5,180,1,0.045
0,GasterBlaster,5,323.5,308.5,323.5,308.5,90,1,0.045
0,GasterBlaster,5,323.5,308.5,323.5,308.5,270,1,0.045
0.045,GasterBlaster,5,323.5,308.5,323.5,308.5,5,1,0.045
0,GasterBlaster,5,323.5,308.5,323.5,308.5,185,1,0.045
0,GasterBlaster,5,323.5,308.5,323.5,308.5,95,1,0.045
0,GasterBlaster,5,323.5,308.5,323.5,308.5,275,1,0.045
0.045,GasterBlaster,5,323.5,308.5,323.5,308.5,10,1,0.045
0,GasterBlaster,5,323.5,308.5,323.5,308.5,190,1,0.045
0,GasterBlaster,5,323.5,308.5,323.5,308.5,100,1,0.045
0,GasterBlaster,5,323.5,308.5,323.5,308.5,280,1,0.045
0.045,GasterBlaster,5,323.5,308.5,323.5,308.5,15,1,0.045
0,GasterBlaster,5,323.5,308.5,323.5,308.5,195,1,0.045
0,GasterBlaster,5,323.5,308.5,323.5,308.5,105,1,0.045
0,GasterBlaster,5,323.5,308.5,323.5,308.5,285,1,0.045
0.045,GasterBlaster,5,323.5,308.5,323.5,308.5,20,1,0.045
0,GasterBlaster,5,323.5,308.5,323.5,308.5,200,1,0.045
0,GasterBlaster,5,323.5,308.5,323.5,308.5,110,1,0.045
0,GasterBlaster,5,323.5,308.5,323.5,308.5,290,1,0.045
0.045,GasterBlaster,5,323.5,308.5,323.5,308.5,25,1,0.045
0,GasterBlaster,5,323.5,308.5,323.5,308.5,205,1,0.045
0,GasterBlaster,5,323.5,308.5,323.5,308.5,115,1,0.045
0,GasterBlaster,5,323.5,308.5,323.5,308.5,295,1,0.045
0.045,GasterBlaster,5,323.5,308.5,323.5,308.5,30,1,0.045
0,GasterBlaster,5,323.5,308.5,323.5,308.5,210,1,0.045
0,GasterBlaster,5,323.5,308.5,323.5,308.5,120,1,0.045
0,GasterBlaster,5,323.5,308.5,323.5,308.5,300,1,0.045
0.045,GasterBlaster,5,323.5,308.5,323.5,308.5,35,1,0.045
0,GasterBlaster,5,323.5,308.5,323.5,308.5,215,1,0.045
0,GasterBlaster,5,323.5,308.5,323.5,308.5,125,1,0.045
0,GasterBlaster,5,323.5,308.5,323.5,308.5,305,1,0.045
0.045,GasterBlaster,5,323.5,308.5,323.5,308.5,40,1,0.045
0,GasterBlaster,5,323.5,308.5,323.5,308.5,220,1,0.045
0,GasterBlaster,5,323.5,308.5,323.5,308.5,130,1,0.045
0,GasterBlaster,5,323.5,308.5,323.5,308.5,310,1,0.045
0.045,GasterBlaster,5,323.5,308.5,323.5,308.5,45,1,0.045
0,GasterBlaster,5,323.5,308.5,323.5,308.5,225,1,0.045
0,GasterBlaster,5,323.5,308.5,323.5,308.5,135,1,0.045
0,GasterBlaster,5,323.5,308.5,323.5,308.5,315,1,0.045
0.045,GasterBlaster,5,323.5,308.5,323.5,308.5,50,1,0.045
0,GasterBlaster,5,323.5,308.5,323.5,308.5,230,1,0.045
0,GasterBlaster,5,323.5,308.5,323.5,308.5,140,1,0.045
0,GasterBlaster,5,323.5,308.5,323.5,308.5,320,1,0.045
0.045,GasterBlaster,5,323.5,308.5,323.5,308.5,55,1,0.045
0,GasterBlaster,5,323.5,308.5,323.5,308.5,235,1,0.045
0,GasterBlaster,5,323.5,308.5,323.5,308.5,145,1,0.045
0,GasterBlaster,5,323.5,308.5,323.5,308.5,325,1,0.045
0.045,GasterBlaster,5,323.5,308.5,323.5,308.5,60,1,0.045
0,GasterBlaster,5,323.5,308.5,323.5,308.5,240,1,0.045
0,GasterBlaster,5,323.5,308.5,323.5,308.5,150,1,0.045
0,GasterBlaster,5,323.5,308.5,323.5,308.5,330,1,0.045
0.045,GasterBlaster,5,323.5,308.5,323.5,308.5,65,1,0.045
0,GasterBlaster,5,323.5,308.5,323.5,308.5,245,1,0.045
0,GasterBlaster,5,323.5,308.5,323.5,308.5,155,1,0.045
0,GasterBlaster,5,323.5,308.5,323.5,308.5,335,1,0.045
0.045,GasterBlaster,5,323.5,308.5,323.5,308.5,70,1,0.045
0,GasterBlaster,5,323.5,308.5,323.5,308.5,250,1,0.045
0,GasterBlaster,5,323.5,308.5,323.5,308.5,160,1,0.045
0,GasterBlaster,5,323.5,308.5,323.5,308.5,340,1,0.045
0.045,GasterBlaster,5,323.5,308.5,323.5,308.5,75,1,0.045
0,GasterBlaster,5,323.5,308.5,323.5,308.5,255,1,0.045
0,GasterBlaster,5,323.5,308.5,323.5,308.5,165,1,0.045
0,GasterBlaster,5,323.5,308.5,323.5,308.5,345,1,0.045
0.045,GasterBlaster,5,323.5,308.5,323.5,308.5,80,1,0.045
0,GasterBlaster,5,323.5,308.5,323.5,308.5,260,1,0.045
0,GasterBlaster,5,323.5,308.5,323.5,308.5,170,1,0.045
0,GasterBlaster,5,323.5,308.5,323.5,308.5,350,1,0.045
0.045,GasterBlaster,5,323.5,308.5,323.5,308.5,85,1,0.045
0,GasterBlaster,5,323.5,308.5,323.5,308.5,265,1,0.045
0,GasterBlaster,5,323.5,308.5,323.5,308.5,175,1,0.045
0,GasterBlaster,5,323.5,308.5,323.5,308.5,355,1,0.045
0.045,GasterBlaster,5,323.5,308.5,323.5,308.5,90,1,0.045
0,GasterBlaster,5,323.5,308.5,323.5,308.5,270,1,0.045
0,GasterBlaster,5,323.5,308.5,323.5,308.5,180,1,0.045
0,GasterBlaster,5,323.5,308.5,323.5,308.5,0,1,0.045
0.045,GasterBlaster,5,323.5,308.5,323.5,308.5,95,1,0.045
0,GasterBlaster,5,323.5,308.5,323.5,308.5,275,1,0.045
0,GasterBlaster,5,323.5,308.5,323.5,308.5,185,1,0.045
0,GasterBlaster,5,323.5,308.5,323.5,308.5,5,1,0.045
0.045,GasterBlaster,5,323.5,308.5,323.5,308.5,100,1,0.045
0,GasterBlaster,5,323.5,308.5,323.5,308.5,280,1,0.045
0,GasterBlaster,5,323.5,308.5,323.5,308.5,190,1,0.045
0,GasterBlaster,5,323.5,308.5,323.5,308.5,10,1,0.045
0.045,GasterBlaster,5,323.5,308.5,323.5,308.5,105,1,0.045
0,GasterBlaster,5,323.5,308.5,323.5,308.5,285,1,0.045
0,GasterBlaster,5,323.5,308.5,323.5,308.5,195,1,0.045
0,GasterBlaster,5,323.5,308.5,323.5,308.5,15,1,0.045
0.045,GasterBlaster,5,323.5,308.5,323.5,308.5,110,1,0.045
0,GasterBlaster,5,323.5,308.5,323.5,308.5,290,1,0.045
0,GasterBlaster,5,323.5,308.5,323.5,308.5,200,1,0.045
0,GasterBlaster,5,323.5,308.5,323.5,308.5,20,1,0.045
0.045,GasterBlaster,5,323.5,308.5,323.5,308.5,115,1,0.045
0,GasterBlaster,5,323.5,308.5,323.5,308.5,295,1,0.045
0,GasterBlaster,5,323.5,308.5,323.5,308.5,205,1,0.045
0,GasterBlaster,5,323.5,308.5,323.5,308.5,25,1,0.045
0.045,GasterBlaster,5,323.5,308.5,323.5,308.5,120,1,0.045
0,GasterBlaster,5,323.5,308.5,323.5,308.5,300,1,0.045
0,GasterBlaster,5,323.5,308.5,323.5,308.5,210,1,0.045
0,GasterBlaster,5,323.5,308.5,323.5,308.5,30,1,0.045
0.045,GasterBlaster,5,323.5,308.5,323.5,308.5,125,1,0.045
0,GasterBlaster,5,323.5,308.5,323.5,308.5,305,1,0.045
0,GasterBlaster,5,323.5,308.5,323.5,308.5,215,1,0.045
0,GasterBlaster,5,323.5,308.5,323.5,308.5,35,1,0.045
0.045,GasterBlaster,5,323.5,308.5,323.5,308.5,130,1,0.045
0,GasterBlaster,5,323.5,308.5,323.5,308.5,310,1,0.045
0,GasterBlaster,5,323.5,308.5,323.5,308.5,220,1,0.045
0,GasterBlaster,5,323.5,308.5,323.5,308.5,40,1,0.045
0.045,GasterBlaster,5,323.5,308.5,323.5,308.5,135,1,0.045
0,GasterBlaster,5,323.5,308.5,323.5,308.5,315,1,0.045
0,GasterBlaster,5,323.5,308.5,323.5,308.5,225,1,0.045
0,GasterBlaster,5,323.5,308.5,323.5,308.5,45,1,0.045
0.045,GasterBlaster,5,323.5,308.5,323.5,308.5,140,1,0.045
0,GasterBlaster,5,323.5,308.5,323.5,308.5,320,1,0.045
0,GasterBlaster,5,323.5,308.5,323.5,308.5,230,1,0.045
0,GasterBlaster,5,323.5,308.5,323.5,308.5,50,1,0.045
0.045,GasterBlaster,5,323.5,308.5,323.5,308.5,145,1,0.045
0,GasterBlaster,5,323.5,308.5,323.5,308.5,325,1,0.045
0,GasterBlaster,5,323.5,308.5,323.5,308.5,235,1,0.045
0,GasterBlaster,5,323.5,308.5,323.5,308.5,55,1,0.045
0.045,GasterBlaster,5,323.5,308.5,323.5,308.5,150,1,0.045
0,GasterBlaster,5,323.5,308.5,323.5,308.5,330,1,0.045
0,GasterBlaster,5,323.5,308.5,323.5,308.5,240,1,0.045
0,GasterBlaster,5,323.5,308.5,323.5,308.5,60,1,0.045
0.045,GasterBlaster,5,323.5,308.5,323.5,308.5,155,1,0.045
0,GasterBlaster,5,323.5,308.5,323.5,308.5,335,1,0.045
0,GasterBlaster,5,323.5,308.5,323.5,308.5,245,1,0.045
0,GasterBlaster,5,323.5,308.5,323.5,308.5,65,1,0.045
0.045,GasterBlaster,5,323.5,308.5,323.5,308.5,160,1,0.045
0,GasterBlaster,5,323.5,308.5,323.5,308.5,340,1,0.045
0,GasterBlaster,5,323.5,308.5,323.5,308.5,250,1,0.045
0,GasterBlaster,5,323.5,308.5,323.5,308.5,70,1,0.045
0.045,GasterBlaster,5,323.5,308.5,323.5,308.5,165,1,0.045
0,GasterBlaster,5,323.5,308.5,323.5,308.5,345,1,0.045
0,GasterBlaster,5,323.5,308.5,323.5,308.5,255,1,0.045
0,GasterBlaster,5,323.5,308.5,323.5,308.5,75,1,0.045
0.045,GasterBlaster,5,323.5,308.5,323.5,308.5,170,1,0.045
0,GasterBlaster,5,323.5,308.5,323.5,308.5,350,1,0.045
0,GasterBlaster,5,323.5,308.5,323.5,308.5,260,1,0.045
0,GasterBlaster,5,323.5,308.5,323.5,308.5,80,1,0.045
0.045,GasterBlaster,5,323.5,308.5,323.5,308.5,175,1,0.045
0,GasterBlaster,5,323.5,308.5,323.5,308.5,355,1,0.045
0,GasterBlaster,5,323.5,308.5,323.5,308.5,265,1,0.045
0,GasterBlaster,5,323.5,308.5,323.5,308.5,85,1,0.045

0.045,GasterBlaster,5,323.5,308.5,323.5,308.5,0,1,0.045
0,GasterBlaster,5,323.5,308.5,323.5,308.5,180,1,0.045
0,GasterBlaster,5,323.5,308.5,323.5,308.5,90,1,0.045
0,GasterBlaster,5,323.5,308.5,323.5,308.5,270,1,0.045
0.045,GasterBlaster,5,323.5,308.5,323.5,308.5,5,1,0.045
0,GasterBlaster,5,323.5,308.5,323.5,308.5,185,1,0.045
0,GasterBlaster,5,323.5,308.5,323.5,308.5,95,1,0.045
0,GasterBlaster,5,323.5,308.5,323.5,308.5,275,1,0.045
0.045,GasterBlaster,5,323.5,308.5,323.5,308.5,10,1,0.045
0,GasterBlaster,5,323.5,308.5,323.5,308.5,190,1,0.045
0,GasterBlaster,5,323.5,308.5,323.5,308.5,100,1,0.045
0,GasterBlaster,5,323.5,308.5,323.5,308.5,280,1,0.045
0.045,GasterBlaster,5,323.5,308.5,323.5,308.5,15,1,0.045
0,GasterBlaster,5,323.5,308.5,323.5,308.5,195,1,0.045
0,GasterBlaster,5,323.5,308.5,323.5,308.5,105,1,0.045
0,GasterBlaster,5,323.5,308.5,323.5,308.5,285,1,0.045
0.045,GasterBlaster,5,323.5,308.5,323.5,308.5,20,1,0.045
0,GasterBlaster,5,323.5,308.5,323.5,308.5,200,1,0.045
0,GasterBlaster,5,323.5,308.5,323.5,308.5,110,1,0.045
0,GasterBlaster,5,323.5,308.5,323.5,308.5,290,1,0.045
0.045,GasterBlaster,5,323.5,308.5,323.5,308.5,25,1,0.045
0,GasterBlaster,5,323.5,308.5,323.5,308.5,205,1,0.045
0,GasterBlaster,5,323.5,308.5,323.5,308.5,115,1,0.045
0,GasterBlaster,5,323.5,308.5,323.5,308.5,295,1,0.045
0.045,GasterBlaster,5,323.5,308.5,323.5,308.5,30,1,0.045
0,GasterBlaster,5,323.5,308.5,323.5,308.5,210,1,0.045
0,GasterBlaster,5,323.5,308.5,323.5,308.5,120,1,0.045
0,GasterBlaster,5,323.5,308.5,323.5,308.5,300,1,0.045
0.045,GasterBlaster,5,323.5,308.5,323.5,308.5,35,1,0.045
0,GasterBlaster,5,323.5,308.5,323.5,308.5,215,1,0.045
0,GasterBlaster,5,323.5,308.5,323.5,308.5,125,1,0.045
0,GasterBlaster,5,323.5,308.5,323.5,308.5,305,1,0.045
0.045,GasterBlaster,5,323.5,308.5,323.5,308.5,40,1,0.045
0,GasterBlaster,5,323.5,308.5,323.5,308.5,220,1,0.045
0,GasterBlaster,5,323.5,308.5,323.5,308.5,130,1,0.045
0,GasterBlaster,5,323.5,308.5,323.5,308.5,310,1,0.045
0.045,GasterBlaster,5,323.5,308.5,323.5,308.5,45,1,0.045
0,GasterBlaster,5,323.5,308.5,323.5,308.5,225,1,0.045
0,GasterBlaster,5,323.5,308.5,323.5,308.5,135,1,0.045
0,GasterBlaster,5,323.5,308.5,323.5,308.5,315,1,0.045
0.045,GasterBlaster,5,323.5,308.5,323.5,308.5,50,1,0.045
0,GasterBlaster,5,323.5,308.5,323.5,308.5,230,1,0.045
0,GasterBlaster,5,323.5,308.5,323.5,308.5,140,1,0.045
0,GasterBlaster,5,323.5,308.5,323.5,308.5,320,1,0.045
0.045,GasterBlaster,5,323.5,308.5,323.5,308.5,55,1,0.045
0,GasterBlaster,5,323.5,308.5,323.5,308.5,235,1,0.045
0,GasterBlaster,5,323.5,308.5,323.5,308.5,145,1,0.045
0,GasterBlaster,5,323.5,308.5,323.5,308.5,325,1,0.045
0.045,GasterBlaster,5,323.5,308.5,323.5,308.5,60,1,0.045
0,GasterBlaster,5,323.5,308.5,323.5,308.5,240,1,0.045
0,GasterBlaster,5,323.5,308.5,323.5,308.5,150,1,0.045
0,GasterBlaster,5,323.5,308.5,323.5,308.5,330,1,0.045
0.045,GasterBlaster,5,323.5,308.5,323.5,308.5,65,1,0.045
0,GasterBlaster,5,323.5,308.5,323.5,308.5,245,1,0.045
0,GasterBlaster,5,323.5,308.5,323.5,308.5,155,1,0.045
0,GasterBlaster,5,323.5,308.5,323.5,308.5,335,1,0.045
0.045,GasterBlaster,5,323.5,308.5,323.5,308.5,70,1,0.045
0,GasterBlaster,5,323.5,308.5,323.5,308.5,250,1,0.045
0,GasterBlaster,5,323.5,308.5,323.5,308.5,160,1,0.045
0,GasterBlaster,5,323.5,308.5,323.5,308.5,340,1,0.045
0.045,GasterBlaster,5,323.5,308.5,323.5,308.5,75,1,0.045
0,GasterBlaster,5,323.5,308.5,323.5,308.5,255,1,0.045
0,GasterBlaster,5,323.5,308.5,323.5,308.5,165,1,0.045
0,GasterBlaster,5,323.5,308.5,323.5,308.5,345,1,0.045
0.045,GasterBlaster,5,323.5,308.5,323.5,308.5,80,1,0.045
0,GasterBlaster,5,323.5,308.5,323.5,308.5,260,1,0.045
0,GasterBlaster,5,323.5,308.5,323.5,308.5,170,1,0.045
0,GasterBlaster,5,323.5,308.5,323.5,308.5,350,1,0.045
0.045,GasterBlaster,5,323.5,308.5,323.5,308.5,85,1,0.045
0,GasterBlaster,5,323.5,308.5,323.5,308.5,265,1,0.045
0,GasterBlaster,5,323.5,308.5,323.5,308.5,175,1,0.045
0,GasterBlaster,5,323.5,308.5,323.5,308.5,355,1,0.045
0.045,GasterBlaster,5,323.5,308.5,323.5,308.5,90,1,0.045
0,GasterBlaster,5,323.5,308.5,323.5,308.5,270,1,0.045
0,GasterBlaster,5,323.5,308.5,323.5,308.5,180,1,0.045
0,GasterBlaster,5,323.5,308.5,323.5,308.5,0,1,0.045
0.045,GasterBlaster,5,323.5,308.5,323.5,308.5,95,1,0.045
0,GasterBlaster,5,323.5,308.5,323.5,308.5,275,1,0.045
0,GasterBlaster,5,323.5,308.5,323.5,308.5,185,1,0.045
0,GasterBlaster,5,323.5,308.5,323.5,308.5,5,1,0.045
0.045,GasterBlaster,5,323.5,308.5,323.5,308.5,100,1,0.045
0,GasterBlaster,5,323.5,308.5,323.5,308.5,280,1,0.045
0,GasterBlaster,5,323.5,308.5,323.5,308.5,190,1,0.045
0,GasterBlaster,5,323.5,308.5,323.5,308.5,10,1,0.045
0.045,GasterBlaster,5,323.5,308.5,323.5,308.5,105,1,0.045
0,GasterBlaster,5,323.5,308.5,323.5,308.5,285,1,0.045
0,GasterBlaster,5,323.5,308.5,323.5,308.5,195,1,0.045
0,GasterBlaster,5,323.5,308.5,323.5,308.5,15,1,0.045
0.045,GasterBlaster,5,323.5,308.5,323.5,308.5,110,1,0.045
0,GasterBlaster,5,323.5,308.5,323.5,308.5,290,1,0.045
0,GasterBlaster,5,323.5,308.5,323.5,308.5,200,1,0.045
0,GasterBlaster,5,323.5,308.5,323.5,308.5,20,1,0.045
0.045,GasterBlaster,5,323.5,308.5,323.5,308.5,115,1,0.045
0,GasterBlaster,5,323.5,308.5,323.5,308.5,295,1,0.045
0,GasterBlaster,5,323.5,308.5,323.5,308.5,205,1,0.045
0,GasterBlaster,5,323.5,308.5,323.5,308.5,25,1,0.045
0.045,GasterBlaster,5,323.5,308.5,323.5,308.5,120,1,0.045
0,GasterBlaster,5,323.5,308.5,323.5,308.5,300,1,0.045
0,GasterBlaster,5,323.5,308.5,323.5,308.5,210,1,0.045
0,GasterBlaster,5,323.5,308.5,323.5,308.5,30,1,0.045
0.045,GasterBlaster,5,323.5,308.5,323.5,308.5,125,1,0.045
0,GasterBlaster,5,323.5,308.5,323.5,308.5,305,1,0.045
0,GasterBlaster,5,323.5,308.5,323.5,308.5,215,1,0.045
0,GasterBlaster,5,323.5,308.5,323.5,308.5,35,1,0.045
0.045,GasterBlaster,5,323.5,308.5,323.5,308.5,130,1,0.045
0,GasterBlaster,5,323.5,308.5,323.5,308.5,310,1,0.045
0,GasterBlaster,5,323.5,308.5,323.5,308.5,220,1,0.045
0,GasterBlaster,5,323.5,308.5,323.5,308.5,40,1,0.045
0.045,GasterBlaster,5,323.5,308.5,323.5,308.5,135,1,0.045
0,GasterBlaster,5,323.5,308.5,323.5,308.5,315,1,0.045
0,GasterBlaster,5,323.5,308.5,323.5,308.5,225,1,0.045
0,GasterBlaster,5,323.5,308.5,323.5,308.5,45,1,0.045
0.045,GasterBlaster,5,323.5,308.5,323.5,308.5,140,1,0.045
0,GasterBlaster,5,323.5,308.5,323.5,308.5,320,1,0.045
0,GasterBlaster,5,323.5,308.5,323.5,308.5,230,1,0.045
0,GasterBlaster,5,323.5,308.5,323.5,308.5,50,1,0.045
0.045,GasterBlaster,5,323.5,308.5,323.5,308.5,145,1,0.045
0,GasterBlaster,5,323.5,308.5,323.5,308.5,325,1,0.045
0,GasterBlaster,5,323.5,308.5,323.5,308.5,235,1,0.045
0,GasterBlaster,5,323.5,308.5,323.5,308.5,55,1,0.045
0.045,GasterBlaster,5,323.5,308.5,323.5,308.5,150,1,0.045
0,GasterBlaster,5,323.5,308.5,323.5,308.5,330,1,0.045
0,GasterBlaster,5,323.5,308.5,323.5,308.5,240,1,0.045
0,GasterBlaster,5,323.5,308.5,323.5,308.5,60,1,0.045
0.045,GasterBlaster,5,323.5,308.5,323.5,308.5,155,1,0.045
0,GasterBlaster,5,323.5,308.5,323.5,308.5,335,1,0.045
0,GasterBlaster,5,323.5,308.5,323.5,308.5,245,1,0.045
0,GasterBlaster,5,323.5,308.5,323.5,308.5,65,1,0.045
0.045,GasterBlaster,5,323.5,308.5,323.5,308.5,160,1,0.045
0,GasterBlaster,5,323.5,308.5,323.5,308.5,340,1,0.045
0,GasterBlaster,5,323.5,308.5,323.5,308.5,250,1,0.045
0,GasterBlaster,5,323.5,308.5,323.5,308.5,70,1,0.045
0.045,GasterBlaster,5,323.5,308.5,323.5,308.5,165,1,0.045
0,GasterBlaster,5,323.5,308.5,323.5,308.5,345,1,0.045
0,GasterBlaster,5,323.5,308.5,323.5,308.5,255,1,0.045
0,GasterBlaster,5,323.5,308.5,323.5,308.5,75,1,0.045
0.045,GasterBlaster,5,323.5,308.5,323.5,308.5,170,1,0.045
0,GasterBlaster,5,323.5,308.5,323.5,308.5,350,1,0.045
0,GasterBlaster,5,323.5,308.5,323.5,308.5,260,1,0.045
0,GasterBlaster,5,323.5,308.5,323.5,308.5,80,1,0.045
0.045,GasterBlaster,5,323.5,308.5,323.5,308.5,175,1,0.045
0,GasterBlaster,5,323.5,308.5,323.5,308.5,355,1,0.045
0,GasterBlaster,5,323.5,308.5,323.5,308.5,265,1,0.045
0,GasterBlaster,5,323.5,308.5,323.5,308.5,85,1,0.045
1.2,BoneStab,0,60,1,0.1,,,,
0,BoneStab,1,70,1,0.1,,,,
0,BoneStab,2,70,1,0.1,,,,
0,BoneStab,3,60,1,0.1,,,,
1.2,BoneStab,0,100,1,0.1,,,,
0,BoneStab,1,90,1,0.1,,,,
0,BoneStab,2,30,1,0.1,,,,
0,BoneStab,3,40,1,0.1,,,,
1.2,BoneStab,0,90,1,0.1
0,BoneStab,2,40,1,0.1
0,BoneStab,3,130,1,0.1
1.2,BoneStab,0,70,1,0.1
0,BoneStab,2,60,1,0.1
0,BoneStab,1,20,1,0.1
0,BoneStab,3,110,1,0.1
1.2,BoneStab,0,80,1,0.1
0,BoneStab,2,50,1,0.1
0,BoneStab,1,100,1,0.1
0,BoneStab,3,30,1,0.1
1.2,BoneStab,0,30,1,0.1
0,BoneStab,2,100,1,0.1
0,BoneStab,1,40,1,0.1
0,BoneStab,3,90,1,0.1
1.2,BoneStab,0,100,1,0.1
0,BoneStab,2,30,1,0.1,,,,
0,BoneStab,1,90,1,0.1,,,,
0,BoneStab,3,40,1,0.1,,,,
1.35,BoneHRepeat,130,-10,200,1,360,5,225,
0,BoneHRepeat,330,650,200,3,360,5,225,
3.75,GasterBlaster,0,551,76,451,176,135,0.785,0.25
0,GasterBlaster,0,91,76,191,176,45,0.785,0.25
0,GasterBlaster,0,91,536,191,436,315,0.785,0.25
0,GasterBlaster,0,551,536,451,436,225,0.785,0.25
0,GasterBlaster,1,323.5,536,323.5,436,270,0.785,0.25
0,GasterBlaster,1,323.5,76,323.5,176,90,0.785,0.25
0,GasterBlaster,1,551,308.5,451,308.5,180,0.785,0.25
0,GasterBlaster,1,91,308.5,191,308.5,0,0.785,0.25
1.675,GasterBlaster,0,66,246,166,246,0,0.5,1
0,GasterBlaster,0,261,46,261,146,90,0.5,1
0.1,GasterBlaster,0,66,266,166,266,0,0.5,1
0,GasterBlaster,0,281,46,281,146,90,0.5,1
0.1,GasterBlaster,0,66,286,166,286,0,0.5,1
0,GasterBlaster,0,301,46,301,146,90,0.5,1
0.1,GasterBlaster,0,66,346,166,306,0,0.5,1
0,GasterBlaster,0,321,46,321,146,90,0.5,1
0.1,GasterBlaster,0,66,346,166,326,0,0.5,1
0,GasterBlaster,0,341,46,341,146,90,0.5,1
0.1,GasterBlaster,0,66,346,166,346,0,0.5,0.5
0,GasterBlaster,0,361,46,361,146,90,0.5,0.5
1.675,GasterBlaster,0,66,366,166,366,0,0.5,1
0,GasterBlaster,0,381,46,381,146,90,0.5,1
0.1,GasterBlaster,0,66,346,166,346,0,0.5,1
0,GasterBlaster,0,361,46,361,146,90,0.5,1
0.1,GasterBlaster,0,66,326,166,326,0,0.5,1
0,GasterBlaster,0,341,46,341,146,90,0.5,1
0.1,GasterBlaster,0,66,306,166,306,0,0.5,1
0,GasterBlaster,0,321,46,321,146,90,0.5,1
0.1,GasterBlaster,0,66,286,166,286,0,0.5,1
0,GasterBlaster,0,301,46,301,146,90,0.5,1
0.1,GasterBlaster,0,66,266,166,266,0,0.5,0.5
0,GasterBlaster,0,281,46,281,146,90,0.5,0.5
1.675,BlackScreen,1,,,,,,,
0,Sound,Flash,,,,,,,
0.15,BlackScreen,0,,,,,,,
0,Sound,Flash,,,,,,,
0,Sound,Flash,,,,,,,
0.1,Sound,Ding,,,,,,,
0,SansHead,BlueEye,,,,,,,
0.2,SansHead,noeyes,,,,,,,
0.2,Sound,Ding,,,,,,,
0,SansHead,BlueEye,,,,,,,
0.2,SansHead,noeyes,,,,,,,
0.2,Sound,Ding,,,,,,,
0,SansHead,BlueEye,,,,,,,
0.2,SansHead,noeyes,,,,,,,
0.2,Sound,Ding,,,,,,,
0,SansHead,BlueEye,,,,,,,
0.2,SansHead,noeyes,,,,,,,
0.35,BoneV,508,186,500,2,555,1,,
0.05,GasterBlaster,0.2,251,20,251,206,90,0.35,2.65
0,GasterBlaster,0.2,356,20,356,206,90,0.35,2.65
0,GasterBlaster,0.2,321,20,321,206,90,0.35,2.65
0,GasterBlaster,0.2,286,20,286,206,90,0.35,2.65
0,GasterBlaster,1,166,246,166,246,0,0.4,2.6
0,GasterBlaster,1,261,146,261,146,90,0.4,2.6
0,GasterBlaster,1,486,371,486,371,180,0.4,2.6
0.35,SineBones,10,-22,489,40,,,,
0.55,SineBones,10,-22,489,40,,,,
0.55,SineBones,10,-22,489,40
0.55,SineBones,10,-22,489,40
0.55,SineBones,10,-22,489,40
1.35,BlackScreen,1,,,
0,Score,Flash,,,
0.15,BlackScreen,0,,,
0,Score,Flash,,,
0,HeartTeleport,320,304,,
0,SansSlam,1,,,
0.3555,BoneStab,0,30,0.1,5.5
0,BoneStab,1,30,0.1,5.5
0,BoneStab,3,30,0.1,5.5
0,BoneStab,2,30,0.1,5.5
0,BoneStab,0,65,0.11,5.5
0,BoneStab,1,65,0.11,5.5
0,BoneStab,3,65,0.11,5.5
0,BoneStab,2,65,0.11,5.5
0.1,HeartMode,0,,,
0.5,BlackScreen,1,,,
0,Score,Flash,,,
0.15,BlackScreen,0,,,
0,Score,Flash,,,
0,HeartTeleport,320,304,,
0.25,BoneStab,0,60,0.2,9.45
0,BoneStab,2,60,0.2,9.45
0.2,SineBones,170,-22,400,40
9.45,BlackScreen,1,,,
0,Score,Flash,,,
0.15,BlackScreen,0,,,
0,Score,Flash,,,
0,HeartTeleport,320,304,,
0.1,SansBody,HandLeft,,,
0,SansSlam,2,,
0.1,BoneStab,2,40,0.55
0.6,SansBody,HandRight,,
0,SansSlam,0,,
0.1,BoneStab,0,40,0.55
0.6,SansBody,HandUp,,
0,SansSlam,3,,
0.1,BoneStab,3,40,0.55
0.6,SansBody,HandRight,,
0,SansSlam,0,,
0.1,BoneStab,0,40,0.55
0.6,SansBody,HandDown,,
0,SansSlam,1,,
0.1,BoneStab,1,40,0.55
0.6,SansBody,HandLeft,,
0,SansSlam,2,,
0.1,BoneStab,2,40,0.55
0.6,SansBody,HandRight,,
0,SansSlam,0,,
0.1,BoneStab,0,40,0.55
0.6,SansBody,HandLeft,,
0,SansSlam,2,,
0.1,BoneStab,2,40,0.55
0.6,SansBody,HandDown,,
0,SansSlam,1,,
0.1,BoneStab,1,40,0.55
0.6,SansBody,HandLeft,,
0,SansSlam,2,,
0.1,BoneStab,2,40,0.55
0.6,BlackScreen,1,,
0,Score,Flash,,
0.15,BlackScreen,0,,
0,Score,Flash,,,,,,
0,HeartTeleport,320,304,,,,,
0,HeartMode,0,,,,,,
0.15,BlackScreen,0,,,,,,
0,Sound,Flash,,,,,,
0,CombatZoneResizeinstant,11,216,636,391,,,
0,HeartTeleport,61,324,,,,,
0,HeartMode,1,,,,,,
0,Platform,61,334,37.5,,,,
0,BoneVRepeat,508,356,375,2,280,176,17.5
0,BoneV,101,314,200,,,,
0,BoneV,111,294,200,,,,
0,BoneV,121,279,200,,,,
0,BoneV,131,274,200,,,,
0,BoneV,141,274,200,,,,
0,BoneV,151,274,190,,,,
0,BoneV,161,274,200
0,Platform,191,284,20
0,BoneV,221,214,92.5
0,BoneV,231,214,92.5
0,BoneV,241,214,92.5
0,BoneV,251,214,92.5
0,BoneV,261,214,92.5
0,BoneV,271,214,92.5
0,Platform,186,334,30
0,Platform,246,334,30
0,Platform,306,334,30
0,BoneV,346,254,200
0,BoneV,326,274,20
0,Platform,291,294,35
0,BoneV,356,254,170
0,BoneV,366,264,160
0,BoneV,376,274,150,
0,BoneV,386,284,140,
0,BoneV,396,294,130,
0,Platform,436,334,30,
0,Platform,506,294,35,
0,BoneV,506,224,47.5,
0,BoneV,532,254,50,
0,Platform,586,279,30,
0,BoneV,556,279,200,
2,BoneStab,2,40,0.0001,0.5
0.5,BoneStab,2,80,0.0001,0.5
0.5,BoneStab,2,120,0.0001,0.5
0.5,BoneStab,2,160,0.0001,0.5
0.5,BoneStab,2,200,0.0001,0.5
0.5,BoneStab,2,240,0.0001,0.5
0.5,BoneStab,2,280,0.0001,0.5
0.5,BoneStab,2,320,0.0001,0.5,,,,
0.5,BoneStab,2,360,0.0001,0.5,,,,
0.5,BoneStab,2,400,0.0001,0.5,,,,
0.5,BoneStab,2,440,0.0001,0.5,,,,
0.5,BoneStab,2,480,0.0001,0.5,,,,
0.5,BoneStab,2,520,0.0001,0.5,,,,
0.5,BoneStab,2,560,0.0001,1.5,,,,
2,BlackScreen,1,,,,,,,
0,Sound,Flash,,,,,,,
0,CombatZoneResizeinstant,241,226,406,391,,,,
0,HeartMode,0,,,,,,,
0,HeartTeleport,320,304,,,,,,
0.1,BlackScreen,0,,,,,,,
0,Sound,Flash,,,,,,,
0,GasterBlaster,0.2,50,20,391,206,90,0.501,0.005
0,GasterBlaster,0.2,50,20,321,206,90,0.501,0.005
0,GasterBlaster,0.2,50,20,251,206,90,0.501,0.005
0.3,GasterBlaster,0.2,50,20,356,206,90,0.501,0.005
0,GasterBlaster,0.2,50,20,286,206,90,0.501,0.005
0.3,GasterBlaster,0.2,50,20,391,206,90,0.501,0.005
0,GasterBlaster,0.2,50,20,321,206,90,0.501,0.005
0,GasterBlaster,0.2,50,20,251,206,90,0.501,0.005
0.3,GasterBlaster,0.2,50,20,356,206,90,0.501,0.005
0,GasterBlaster,0.2,50,20,286,206,90,0.501,0.005
0.3,GasterBlaster,0.2,50,20,391,206,90,0.501,0.005
0,GasterBlaster,0.2,50,20,321,206,90,0.501,0.005
0,GasterBlaster,0.2,50,20,251,206,90,0.501,0.005
0.3,GasterBlaster,0.2,50,20,356,206,90,0.501,0.005
0,GasterBlaster,0.2,50,20,286,206,90,0.501,0.005
0.3,GasterBlaster,0.2,50,20,391,206,90,0.501,0.005
0,GasterBlaster,0.2,50,20,321,206,90,0.501,0.005
0,GasterBlaster,0.2,50,20,251,206,90,0.501,0.005
0.3,GasterBlaster,0.2,50,20,356,206,90,0.501,0.005
0,GasterBlaster,0.2,50,20,286,206,90,0.501,0.005
0.3,GasterBlaster,0.2,50,20,391,206,90,0.501,0.005
0,GasterBlaster,0.2,50,20,321,206,90,0.501,0.005
0,GasterBlaster,0.2,50,20,251,206,90,0.501,0.005
0.3,GasterBlaster,0.2,50,20,356,206,90,0.501,0.005
0,GasterBlaster,0.2,50,20,286,206,90,0.501,0.005
1.2,BlackScreen,1,,,,,,,
0,Score,Flash,,,,,,,
0.15,BlackScreen,0,,,,,,,
0,Score,Flash,,,,,,,
0,HeartTeleport,320,304,,,,,,
0,HeartMode,0,,,,,,,
0,GasterBlaster,2,323.5,536,323.5,436,270,0.3,0.2
0,GasterBlaster,2,323.5,76,323.5,176,90,0.3,0.2
0,GasterBlaster,2,551,308.5,451,308.5,180,0.3,0.2
0,GasterBlaster,2,91,308.5,191,308.5,0,0.3,0.2
0.8,GasterBlaster,2,66,246,166,246,0,0.3,0.2
0,GasterBlaster,2,261,46,261,146,90,0.3,0.2
0,GasterBlaster,2,586,371,486,371,180,0.3,0.2
0,GasterBlaster,2,386,371,386,471,270,0.3,0.2
1,GasterBlaster,0,551,176,451,276,135,0.501,0.155
0,GasterBlaster,0,91,176,191,276,45,0.501,0.155
0.11,GasterBlaster,0,551,156,451,256,135,0.501,0.155
0,GasterBlaster,0,91,156,191,256,45,0.501,0.155
0.11,GasterBlaster,0,551,136,451,236,135,0.501,0.155
0,GasterBlaster,0,91,136,191,236,45,0.501,0.155
0.11,GasterBlaster,0,551,116,451,216,135,0.501,0.155
0,GasterBlaster,0,91,116,191,216,45,0.501,0.155
0.11,GasterBlaster,0,551,96,451,196,135,0.501,0.155
0,GasterBlaster,0,91,96,191,196,45,0.501,0.155
0.11,GasterBlaster,0,551,76,451,176,135,0.501,0.155
0,GasterBlaster,0,91,76,191,176,45,0.501,0.155
0.11,GasterBlaster,0,551,56,451,156,135,0.501,0.155
0,GasterBlaster,0,91,56,191,156,45,0.501,0.155
0.11,GasterBlaster,0,551,36,451,136,135,0.501,0.155
0,GasterBlaster,0,91,36,191,136,45,0.501,0.155
0.11,GasterBlaster,0,551,16,451,116,135,0.501,0.155
0,GasterBlaster,0,91,16,191,116,45,0.501,0.155
0.11,GasterBlaster,0,551,-6,451,96,135,0.501,0.155
0,GasterBlaster,0,91,-6,191,96,45,0.501,0.155
0.11,GasterBlaster,0,551,-26,451,76,135,0.501,0.155
0,GasterBlaster,0,91,-26,191,76,45,0.501,0.155
1.2365,SansBody,HandLeft,,,,,,,
0,SansSlam,2,,,,,,,
0.05,BoneStab,2,35,0.6,5.6,,,,
0.7,SansBody,HandRight,,,,,,,
0,SansSlam,0,,,,,,,
0.05,BoneStab,0,35,0.6,4.2,,,,
0.7,SansBody,HandUp,,,,,,,
0,SansSlam,3,,,,,,,
0.05,BoneStab,3,35,0.6,2.8,,,,
0.7,SansBody,HandDown,,,,,,,
0,SansSlam,1,,,,,,,
0.05,BoneStab,1,35,0.6,1,,,,
0.65,HeartMode,0,,,,,,,
0,Sound,Ding,,,,,,,
0.35,GasterBlaster,1,551,76,451,176,135,0.75,1
0,GasterBlaster,1,91,76,191,176,45,0.75,1
0,GasterBlaster,1,91,536,191,436,315,0.75,1
0,GasterBlaster,1,551,536,451,436,225,0.75,1
1.5,SansText,..,,,,,,,
0,EndAttack,,,,,,,,
