0,sanssweat,3,,,,,,,
0,Sound,mus_zz_megalovania,20,,,,,,
0,SansHead,ClosedEyes,,,,,,,
1,SansText,Ready?,,,,,,,
0,SansText,make it through this wave.,,,,,,,
0,SansText,you 'll win.,,,,,,,
2.5,Sound,Ding,,,,,,,
0,SansHead,BlueEye,,,,,,,
0,Sound,mus_zz_megalovania,1.1,,,,,,
0,CombatZoneResizeinstant,241,226,406,391,,,,
0,HeartTeleport,320,304,,,,,,
0.2,HeartTeleport,256,376,,,,,,
0,HeartMode,1,,,,,,,
0,BoneStab,1,42,0.4,1.5,,,,
0,BoneStab,2,42,0.4,1.5,,,,
0,BoneStab,3,42,0.4,1.5,,,,
0,BoneStab,0,42,0.4,1.5,,,,
,,,,,,,,,
,,,,,,,,,
0.3,GasterBlaster,0,551,56,451,156,135,0,0.1
0,GasterBlaster,0,91,56,191,156,45,0,0.1
0.2,HeartMode,0,,,,,,,
0,BoneHRepeat,130,-10,200,1,400,5,225,
0,BoneHRepeat,330,650,200,3,400,5,225,
0.04,BoneHRepeat,130,-10,200,1,400,5,225,
0,BoneHRepeat,330,650,200,3,400,5,225,
4,SineBones,20,60,250,60,,,,
0.052,BoneV,416,231,155,2,250,1,,
0.48,BoneV,416,231,155,2,250,1,,
0.48,BoneV,416,231,155,2,250,1,,
0.48,BoneV,416,231,155,2,250,1,,
0.48,BoneV,416,231,155,2,250,1,,
0.48,BoneV,416,231,155,2,250,1,,
0.48,BoneV,416,231,155,2,250,1,,
0.48,BoneV,416,231,155,2,250,1,,
0.48,BoneV,416,231,155,2,250,1,,
0.48,BoneV,416,231,155,2,250,1,,
1.75,HeartMode,1,,,,,,,
0,CombatZoneResize,201,226,446,391,TLResume,,,
0.5,BoneVRepeat,191,231,125,0,300,10,150,
0,BoneVRepeat,456,231,125,2,300,10,150,
0,BoneVRepeat,191,376,10,0,300,10,150,
0,BoneVRepeat,456,376,10,2,300,10,150,
7,BlackScreen,1,,,,,,,
0,Sound,Flash,,,,,,,
0.2,BlackScreen,0,,,,,,,
0,Sound,Flash,,,,,,,
0,CombatZoneResizeinstant,141,26,501,386,,,,
0,HeartTeleport,161,366,,,,,,
0,HeartMode,0,,,,,,,
0,BoneH,146,326,35,,,,,
0,BoneV,206,266,115,,,,,
0,BoneH,176,266,30,,,,,
0,BoneH,146,206,60,,,,,
0,BoneV,266,86,235,,,,,
0,BoneH,206,86,60,,,,,
0,BoneV,206,91,60,,,,,
0,BoneV,326,86,235,,,,,
0,BoneV,386,31,115,,,,,
0,BoneH,336,146,60,,,,,
0,BoneV,386,206,175,,,,,
0,BoneV,441,86,235,,,,,
0,BoneHRepeat,146,206,30,0,100,100,200,
0,BoneHRepeat,146,326,30,0,120,100,200,
0,BoneHRepeat,146,266,30,2,140,100,200,
0,BoneHRepeat,146,146,30,2,120,100,200,
0,BoneHRepeat,146,86,30,0,100,100,200,
0,BoneVRepeat,201,6,30,1,120,100,200,
0,BoneVRepeat,261,6,30,3,140,100,200,
0,BoneVRepeat,321,6,30,1,110,100,200,
0,BoneVRepeat,381,6,30,3,90,100,200,
0,BoneVRepeat,441,6,30,1,100,100,200,
10,BoneStab,2,60,0,1,,,,
0,BoneStab,1,60,0,1,,,,
1,BoneStab,2,120,0,1,,,,
0,BoneStab,1,120,0,1,,,,
1,BoneStab,2,180,0,1,,,,
0,BoneStab,1,180,0,1,,,,
1,BoneStab,2,240,0,1,,,,
0,BoneStab,1,240,0,1,,,,
1,BoneStab,2,300,0,3,,,,
0,BoneStab,1,300,0,3,,,,
13,BoneStab,0,60,0,1,,,,
0,BoneStab,3,60,0,1,,,,
1,BoneStab,0,120,0,1,,,,
0,BoneStab,3,120,0,1,,,,
1,BoneStab,0,180,0,1,,,,
0,BoneStab,3,180,0,1,,,,
1,BoneStab,0,240,0,1,,,,
0,BoneStab,3,240,0,1,,,,
1,BoneStab,0,300,0,3,,,,
0,BoneStab,3,300,0,3,,,,
7,BoneStab,0,60,0,1,,,,
0,BoneStab,1,60,0,1,,,,
1,BoneStab,0,120,0,1,,,,
0,BoneStab,1,120,0,1,,,,
1,BoneStab,0,180,0,1,,,,
0,BoneStab,1,180,0,1,,,,
1,BoneStab,0,240,0,1,,,,
0,BoneStab,1,240,0,1,,,,
1,BoneStab,0,300,0,3,,,,
0,BoneStab,1,300,0,3,,,,
13,BoneStab,2,60,0,1,,,,
0,BoneStab,3,60,0,1,,,,
1,BoneStab,2,120,0,1,,,,
0,BoneStab,3,120,0,1,,,,
1,BoneStab,2,180,0,1,,,,
0,BoneStab,3,180,0,1,,,,
1,BoneStab,2,240,0,1,,,,
0,BoneStab,3,240,0,1,,,,
1,BoneStab,2,300,0,3,,,,
0,BoneStab,3,300,0,3,,,,
5,BlackScreen,1,,,,,,,
0,Sound,Flash,,,,,,,
0.2,BlackScreen,0,,,,,,,
0,Sound,Flash,,,,,,,
0,CombatZoneResizeinstant,241,76,406,391,,,,
0,HeartTeleport,320,304,,,,,,
0.32,GetHeartPos,HeartX,HeartY,,,,,,
0,BoneH,71,$HeartY,50,0,200,,,
0.32,GetHeartPos,HeartX,HeartY,,,,,,
0,BoneH,526,$HeartY,50,2,200,,,
0.32,GetHeartPos,HeartX,HeartY,,,,,,
0,BoneH,71,$HeartY,50,0,200,,,
0.32,GetHeartPos,HeartX,HeartY,,,,,,
0,BoneH,526,$HeartY,50,2,200,,,
0.32,GetHeartPos,HeartX,HeartY,,,,,,
0,BoneH,71,$HeartY,50,0,200,,,
0.32,GetHeartPos,HeartX,HeartY,,,,,,
0,BoneH,526,$HeartY,50,2,200,,,
0.32,GetHeartPos,HeartX,HeartY,,,,,,
0,BoneH,71,$HeartY,50,0,200,,,
0.32,GetHeartPos,HeartX,HeartY,,,,,,
0,BoneH,526,$HeartY,50,2,200,,,
0.32,GetHeartPos,HeartX,HeartY,,,,,,
0,BoneH,71,$HeartY,50,0,200,,,
0.32,GetHeartPos,HeartX,HeartY,,,,,,
0,BoneH,526,$HeartY,50,2,200,,,
0.32,GetHeartPos,HeartX,HeartY,,,,,,
0,BoneH,71,$HeartY,50,0,200,,,
0.32,GetHeartPos,HeartX,HeartY,,,,,,
0,BoneH,526,$HeartY,50,2,200,,,
0.32,GetHeartPos,HeartX,HeartY,,,,,,
0,BoneH,71,$HeartY,50,0,200,,,
0.32,GetHeartPos,HeartX,HeartY,,,,,,
0,BoneH,526,$HeartY,50,2,200,,,
,,,,,,,,,
0.32,GetHeartPos,HeartX,HeartY,,,,,,
0,BoneH,71,$HeartY,50,0,200,,,
0.32,GetHeartPos,HeartX,HeartY,,,,,,
0,BoneH,526,$HeartY,50,2,200,,,
,,,,,,,,,
0.32,GetHeartPos,HeartX,HeartY,,,,,,
0,BoneH,71,$HeartY,50,0,200,,,
0.32,GetHeartPos,HeartX,HeartY,,,,,,
0,BoneH,526,$HeartY,50,2,200,,,
,,,,,,,,,
0.32,GetHeartPos,HeartX,HeartY,,,,,,
0,BoneH,71,$HeartY,50,0,200,,,
0.32,GetHeartPos,HeartX,HeartY,,,,,,
0,BoneH,526,$HeartY,50,2,200,,,
,,,,,,,,,
0.32,GetHeartPos,HeartX,HeartY,,,,,,
0,BoneH,71,$HeartY,50,0,200,,,
0,BoneV,$HeartX,0,30,1,200,1,,
0.32,GetHeartPos,HeartX,HeartY,,,,,,
0,BoneH,526,$HeartY,50,2,200,,,
0.32,GetHeartPos,HeartX,HeartY,,,,,,
0,BoneH,71,$HeartY,50,0,200,,,
0,BoneV,$HeartX,436,30,3,200,1,,
0.32,GetHeartPos,HeartX,HeartY,,,,,,
0,BoneH,526,$HeartY,50,2,200,,,
,,,,,,,,,
0.32,GetHeartPos,HeartX,HeartY,,,,,,
0,BoneH,71,$HeartY,50,0,200,,,
0,BoneV,$HeartX,0,30,1,200,1,,
0.32,GetHeartPos,HeartX,HeartY,,,,,,
0,BoneH,526,$HeartY,50,2,200,,,
0.32,GetHeartPos,HeartX,HeartY,,,,,,
0,BoneH,71,$HeartY,50,0,200,,,
0,BoneV,$HeartX,436,30,3,200,1,,
0.32,GetHeartPos,HeartX,HeartY,,,,,,
0,BoneH,526,$HeartY,50,2,200,,,
,,,,,,,,,
0.32,GetHeartPos,HeartX,HeartY,,,,,,
0,BoneH,71,$HeartY,50,0,200,,,
0,BoneV,$HeartX,0,30,1,200,1,,
0.32,GetHeartPos,HeartX,HeartY,,,,,,
0,BoneH,526,$HeartY,50,2,200,,,
0.32,GetHeartPos,HeartX,HeartY,,,,,,
0,BoneH,71,$HeartY,50,0,200,,,
0,BoneV,$HeartX,436,30,3,200,1,,
0.32,GetHeartPos,HeartX,HeartY,,,,,,
0,BoneH,526,$HeartY,50,2,200,,,
,,,,,,,,,
0.32,GetHeartPos,HeartX,HeartY,,,,,,
0,BoneH,71,$HeartY,50,0,200,,,
0,BoneV,$HeartX,0,30,1,200,1,,
0.32,GetHeartPos,HeartX,HeartY,,,,,,
0,BoneH,526,$HeartY,50,2,200,,,
0.32,GetHeartPos,HeartX,HeartY,,,,,,
0,BoneH,71,$HeartY,50,0,200,,,
0,BoneV,$HeartX,436,30,3,200,1,,
0.32,GetHeartPos,HeartX,HeartY,,,,,,
0,BoneH,526,$HeartY,50,2,200,,,
,,,,,,,,,
0.32,GetHeartPos,HeartX,HeartY,,,,,,
0,BoneH,71,$HeartY,50,0,200,,,
0,BoneV,$HeartX,0,30,1,200,1,,
0.32,GetHeartPos,HeartX,HeartY,,,,,,
0,BoneH,526,$HeartY,50,2,200,,,
0.32,GetHeartPos,HeartX,HeartY,,,,,,
0,BoneH,71,$HeartY,50,0,200,,,
0,BoneV,$HeartX,436,30,3,200,1,,
0.32,GetHeartPos,HeartX,HeartY,,,,,,
0,BoneH,526,$HeartY,50,2,200,,,
,,,,,,,,,
0.32,GetHeartPos,HeartX,HeartY,,,,,,
0,BoneH,71,$HeartY,50,0,200,,,
0,BoneV,$HeartX,0,30,1,200,1,,
0.32,GetHeartPos,HeartX,HeartY,,,,,,
0,BoneH,526,$HeartY,50,2,200,,,
0.32,GetHeartPos,HeartX,HeartY,,,,,,
0,BoneH,71,$HeartY,50,0,200,,,
0,BoneV,$HeartX,436,30,3,200,1,,
0.32,GetHeartPos,HeartX,HeartY,,,,,,
0,BoneH,526,$HeartY,50,2,200,,,
,,,,,,,,,
0.32,GetHeartPos,HeartX,HeartY,,,,,,
0,BoneH,71,$HeartY,50,0,200,,,
0,BoneV,$HeartX,0,30,1,200,1,,
0.32,GetHeartPos,HeartX,HeartY,,,,,,
0,BoneH,526,$HeartY,50,2,200,,,
0.32,GetHeartPos,HeartX,HeartY,,,,,,
0,BoneH,71,$HeartY,50,0,200,,,
0,BoneV,$HeartX,436,30,3,200,1,,
0.32,GetHeartPos,HeartX,HeartY,,,,,,
0,BoneH,526,$HeartY,50,2,200,,,
,,,,,,,,,
0.32,GetHeartPos,HeartX,HeartY,,,,,,
0,BoneH,71,$HeartY,50,0,200,,,
0,BoneV,$HeartX,0,30,1,200,1,,
0.32,GetHeartPos,HeartX,HeartY,,,,,,
0,BoneH,526,$HeartY,50,2,200,,,
0.32,GetHeartPos,HeartX,HeartY,,,,,,
0,BoneH,71,$HeartY,50,0,200,,,
0,BoneV,$HeartX,436,30,3,200,1,,
0.32,GetHeartPos,HeartX,HeartY,,,,,,
0,BoneH,526,$HeartY,50,2,200,,,
,,,,,,,,,
0.75,BlackScreen,1,,,,,,,
0,BlackScreen,0,,,,,,,
0,CombatZoneResize,-10,-50,650,500,TLResume,,,
0,HeartTeleport,320,304,,,,,,
0,HeartMode,1,,,,,,,
0,Sound,Ding,,,,,,,
0,Platform,5,391,630,,,,,
1.5,BoneV,665,50,200,2,200,,,
1,BlackScreen,1,,,,,,,
0,BlackScreen,0,,,,,,,
0,Platform,5,391,630,,,,,
0,BoneV,465,50,200,,,,,
3,BlackScreen,1,,,,,,,
0,BlackScreen,0,,,,,,,
0,Platform,5,391,630,,,,,
0,BoneH,265,200,200,,,,,
0,BoneH,265,80,200,,,,,
0,BoneH,265,95,200,,,,,
0,BoneH,265,110,200,,,,,
0,BoneH,265,125,200,,,,,
0,BoneH,265,140,200,,,,,
0,BoneH,265,155,200,,,,,
0,BoneH,265,170,200,,,,,
0,BoneH,265,185,200,,,,,
0,BoneH,265,200,200,,,,,
0,BoneH,265,215,200,,,,,
0,BoneH,265,230,200,,,,,
0,BoneH,265,245,200,,,,,
0,Sound,Flash,,,,,,,
0.1,BoneV,465,250,200,,,,,
0,BoneH,265,260,200,,,,,
0,BoneH,265,275,200,,,,,
0,BoneH,265,290,200,,,,,
0,BoneH,265,305,200,,,,,
0,BoneH,265,320,200,,,,,
0,BoneH,265,335,200,,,,,
0,BoneH,265,350,200,,,,,
0,BoneH,265,365,200,,,,,
0,BoneH,265,380,200,,,,,
0,BoneH,265,395,200,,,,,
0,BoneH,265,410,200,,,,,
0,BoneH,265,425,200,,,,,
0,BoneH,265,440,200,,,,,
0,BoneH,265,455,200,,,,,
0.1,BlackScreen,1,,,,,,,
0,BlackScreen,0,,,,,,,
0,Platform,5,391,630,,,,,
0,BoneV,465,250,200,,,,,
0,BoneH,265,260,200,,,,,
0,BoneH,265,275,200,,,,,
0,BoneH,265,290,200,,,,,
0,BoneH,265,305,200,,,,,
0,BoneH,265,320,200,,,,,
0,BoneH,265,335,200,,,,,
0,BoneH,265,350,200,,,,,
0,BoneH,265,365,200,,,,,
0,BoneH,265,380,200,,,,,
0,BoneH,265,395,200,,,,,
0,BoneH,265,410,200,,,,,
0,BoneH,265,425,200,,,,,
0,BoneH,265,440,200,,,,,
0,BoneH,265,455,200,,,,,
0.1,BlackScreen,1,,,,,,,
0,BlackScreen,0,,,,,,,
0,Platform,5,391,630,,,,,
0,BoneV,465,250,200,,,,,
3,BlackScreen,1,,,,,,,
0,BlackScreen,0,,,,,,,
0,Sound,Flash,,,,,,,
0,BoneVRepeat,650,351,35,2,200,100,271,
0,BoneVRepeat,-15,351,35,0,200,100,271,
0,Platform,5,391,630,,,,,
0,BoneV,465,250,200,2,135,,,
0,Platform,650,351,50,2,290,,,
0,Platform,800,301,50,2,290,,,
0,BoneH,655,361,50,2,290,,,
0,BoneH,805,311,50,2,290,,,
7,PlatformRepeat,-50,351,45,0,200,100,210,
0,PlatformRepeat,650,311,45,2,220,100,210,
0,PlatformRepeat,-50,271,45,0,180,100,210,
0,PlatformRepeat,650,231,45,2,192,100,210,
0,PlatformRepeat,-50,191,45,0,205,100,210,
2,GetHeartPos,HeartX,HeartY,,,,,,
0,BoneH,-50,$HeartY,35,0,100,,,
1.2,GetHeartPos,HeartX,HeartY,,,,,,
0,BoneH,650,$HeartY,35,2,100,,,
1.2,GetHeartPos,HeartX,HeartY,,,,,,
0,BoneH,-50,$HeartY,35,0,100,,,
1.2,GetHeartPos,HeartX,HeartY,,,,,,
0,BoneH,650,$HeartY,35,2,100,,,
,,,,,,,,,
1.2,GetHeartPos,HeartX,HeartY,,,,,,
0,BoneH,-50,$HeartY,35,0,100,,,
1.2,GetHeartPos,HeartX,HeartY,,,,,,
0,BoneH,650,$HeartY,35,2,100,,,
,,,,,,,,,
1.2,GetHeartPos,HeartX,HeartY,,,,,,
0,BoneH,-50,$HeartY,35,0,100,,,
1.2,GetHeartPos,HeartX,HeartY,,,,,,
0,BoneH,650,$HeartY,35,2,100,,,
1.2,GetHeartPos,HeartX,HeartY,,,,,,
0,BoneH,-50,$HeartY,35,0,100,,,
1.2,GetHeartPos,HeartX,HeartY,,,,,,
0,BoneH,650,$HeartY,35,2,100,,,
1.2,GetHeartPos,HeartX,HeartY,,,,,,
0,BoneH,-50,$HeartY,35,0,100,,,
1.2,GetHeartPos,HeartX,HeartY,,,,,,
0,BoneH,650,$HeartY,35,2,100,,,
1.2,GetHeartPos,HeartX,HeartY,,,,,,
0,BoneH,-50,$HeartY,35,0,100,,,
1.2,GetHeartPos,HeartX,HeartY,,,,,,
0,BoneH,650,$HeartY,35,2,100,,,
1.2,GetHeartPos,HeartX,HeartY,,,,,,
0,BoneH,-50,$HeartY,35,0,100,,,
1.2,GetHeartPos,HeartX,HeartY,,,,,,
0,BoneH,650,$HeartY,35,2,100,,,
1.2,GetHeartPos,HeartX,HeartY,,,,,,
0,BoneH,-50,$HeartY,35,0,100,,,
1.2,GetHeartPos,HeartX,HeartY,,,,,,
0,BoneH,650,$HeartY,35,2,100,,,
1.2,GetHeartPos,HeartX,HeartY,,,,,,
0,BoneH,-50,$HeartY,35,0,100,,,
1.2,GetHeartPos,HeartX,HeartY,,,,,,
0,BoneH,650,$HeartY,35,2,100,,,
1.2,GetHeartPos,HeartX,HeartY,,,,,,
0,BoneH,-50,$HeartY,35,0,100,,,
1.2,GetHeartPos,HeartX,HeartY,,,,,,
0,BoneH,650,$HeartY,35,2,100,,,
,,,,,,,,,
1.2,GetHeartPos,HeartX,HeartY,,,,,,
0,BoneH,-50,$HeartY,35,0,100,,,
0,BoneV,$HeartX,-50,35,1,120,1,,
0.1,GetHeartPos,HeartX,HeartY,,,,,,
0,BoneV,$HeartX,-50,35,1,120,1,,
0.1,GetHeartPos,HeartX,HeartY,,,,,,
0,BoneV,$HeartX,-50,35,1,120,1,,
0.1,GetHeartPos,HeartX,HeartY,,,,,,
0,BoneV,$HeartX,-50,35,1,120,1,,
0.1,GetHeartPos,HeartX,HeartY,,,,,,
0,BoneV,$HeartX,-50,35,1,120,1,,
0.1,GetHeartPos,HeartX,HeartY,,,,,,
0,BoneV,$HeartX,-50,35,1,120,1,,
0.1,GetHeartPos,HeartX,HeartY,,,,,,
0,BoneV,$HeartX,-50,35,1,120,1,,
0.1,GetHeartPos,HeartX,HeartY,,,,,,
0,BoneV,$HeartX,-50,35,1,120,1,,
0.1,GetHeartPos,HeartX,HeartY,,,,,,
0,BoneV,$HeartX,-50,35,1,120,1,,
0.1,GetHeartPos,HeartX,HeartY,,,,,,
0,BoneV,$HeartX,-50,35,1,120,1,,
0.1,GetHeartPos,HeartX,HeartY,,,,,,
0,BoneV,$HeartX,-50,35,1,120,1,,
0.1,GetHeartPos,HeartX,HeartY,,,,,,
0,BoneV,$HeartX,-50,35,1,120,1,,
0.1,GetHeartPos,HeartX,HeartY,,,,,,
0,BoneV,$HeartX,-50,35,1,120,1,,
0,BoneH,650,$HeartY,35,2,100,,,
,,,,,,,,,
1.2,GetHeartPos,HeartX,HeartY,,,,,,
0,BoneH,-50,$HeartY,35,0,100,,,
1.2,GetHeartPos,HeartX,HeartY,,,,,,
0,BoneH,650,$HeartY,35,2,100,,,
,,,,,,,,,
1.2,GetHeartPos,HeartX,HeartY,,,,,,
0,BoneH,-50,$HeartY,35,0,100,,,
1.2,GetHeartPos,HeartX,HeartY,,,,,,
0,BoneH,650,$HeartY,35,2,100,,,
,,,,,,,,,
1.2,GetHeartPos,HeartX,HeartY,,,,,,
0,BoneH,-50,$HeartY,35,0,100,,,
1.2,GetHeartPos,HeartX,HeartY,,,,,,
0,BoneH,650,$HeartY,35,2,100,,,
1.2,GetHeartPos,HeartX,HeartY,,,,,,
0,BoneH,-50,$HeartY,35,0,100,,,
1.2,GetHeartPos,HeartX,HeartY,,,,,,
0,BoneH,650,$HeartY,35,2,100,,,
,,,,,,,,,
1.2,GetHeartPos,HeartX,HeartY,,,,,,
0,BoneH,-50,$HeartY,35,0,100,,,
1.2,GetHeartPos,HeartX,HeartY,,,,,,
0,BoneH,650,$HeartY,35,2,100,,,
,,,,,,,,,
0,sound,mus_zz_megalovania,1.1,,,,,,
1.2,GetHeartPos,HeartX,HeartY,,,,,,
0,BoneH,-50,$HeartY,35,0,100,,,
1.2,GetHeartPos,HeartX,HeartY,,,,,,
0,BoneH,650,$HeartY,35,2,100,,,
,,,,,,,,,
1.2,GetHeartPos,HeartX,HeartY,,,,,,
0,BoneH,-50,$HeartY,35,0,100,,,
1.2,GetHeartPos,HeartX,HeartY,,,,,,
0,BoneH,650,$HeartY,35,2,100,,,
,,,,,,,,,
0.5,GetHeartPos,HeartX,HeartY,,,,,,
0,BoneH,-50,$HeartY,35,0,100,,,
0.5,GetHeartPos,HeartX,HeartY,,,,,,
0,BoneH,650,$HeartY,35,2,100,,,
,,,,,,,,,
0.5,GetHeartPos,HeartX,HeartY,,,,,,
0,BoneH,-50,$HeartY,35,0,100,,,
0.5,GetHeartPos,HeartX,HeartY,,,,,,
0,BoneH,650,$HeartY,35,2,100,,,
,,,,,,,,,
0.5,GetHeartPos,HeartX,HeartY,,,,,,
0,BoneH,-50,$HeartY,35,0,100,,,
0.5,GetHeartPos,HeartX,HeartY,,,,,,
0,BoneH,650,$HeartY,35,2,100,,,
,,,,,,,,,
0.5,GetHeartPos,HeartX,HeartY,,,,,,
0,BoneH,-50,$HeartY,35,0,100,,,
0.5,GetHeartPos,HeartX,HeartY,,,,,,
0,BoneH,650,$HeartY,35,2,100,,,
,,,,,,,,,
0.5,GetHeartPos,HeartX,HeartY,,,,,,
0,BoneH,-50,$HeartY,35,0,100,,,
0.5,GetHeartPos,HeartX,HeartY,,,,,,
0,BoneH,650,$HeartY,35,2,100,,,
8,SansBody,HandDown,,,,,,,
0,SansSlam,1,,,,,,,
0,BoneStab,1,250,0.4,1,,,,
2,SansBody,HandDown,,,,,,,
0,SansSlam,1,,,,,,,
0,BoneStab,1,250,0.4,1,,,,
2,SansBody,HandDown,,,,,,,
0,SansSlam,1,,,,,,,
0,BoneStab,1,250,0.4,1,,,,
2,SansBody,HandDown,,,,,,,
0,SansSlam,1,,,,,,,
0,BoneStab,1,250,0.4,1,,,,
2,SansBody,HandDown,,,,,,,
0,SansSlam,1,,,,,,,
0,BoneStab,1,250,0.5,1,,,,
3,BoneStab,1,250,0.5,1,,,,
0,BoneStab,3,150,0.5,1,,,,
2,BoneStab,1,200,0.5,1,,,,
0,BoneStab,3,200,0.5,1,,,,
2,BoneStab,1,150,0.5,1,,,,
0,BoneStab,3,250,0.5,1,,,,
2,BoneStab,1,100,0.5,1,,,,
0,BoneStab,3,300,0.5,1,,,,
2,BoneStab,1,100,0.5,1,,,,
0,BoneStab,3,300,0.5,1,,,,
2,BoneStab,1,150,0.5,1,,,,
0,BoneStab,3,250,0.5,1,,,,
,,,,,,,,,
2,BoneStab,1,200,0.5,1,,,,
0,BoneStab,3,200,0.5,1,,,,
2,BoneStab,1,250,0.5,1,,,,
0,BoneStab,3,150,0.5,1,,,,
3,HeartMode,0,,,,,,,
0,Sound,Ding,,,,,,,
0.6,GetHeartPos,HeartX,HeartY,,,,,,
0,BoneH,-50,$HeartY,35,0,200,,,
0,BoneH,650,$HeartY,35,2,200,,,
0,BoneV,$HeartX,-50,35,1,200,,,
0,BoneV,$HeartX,650,35,3,200,,,
0.6,GetHeartPos,HeartX,HeartY,,,,,,
0,BoneH,-50,$HeartY,35,0,200,,,
0,BoneH,650,$HeartY,35,2,200,,,
0,BoneV,$HeartX,-50,35,1,200,,,
0,BoneV,$HeartX,650,35,3,200,,,
0.6,GetHeartPos,HeartX,HeartY,,,,,,
0,BoneH,-50,$HeartY,35,0,200,,,
0,BoneH,650,$HeartY,35,2,200,,,
0,BoneV,$HeartX,-50,35,1,200,,,
0,BoneV,$HeartX,650,35,3,200,,,
0.6,GetHeartPos,HeartX,HeartY,,,,,,
0,BoneH,-50,$HeartY,35,0,200,,,
0,BoneH,650,$HeartY,35,2,200,,,
0,BoneV,$HeartX,-50,35,1,200,,,
0,BoneV,$HeartX,650,35,3,200,,,
0.6,GetHeartPos,HeartX,HeartY,,,,,,
0,BoneH,-50,$HeartY,35,0,200,,,
0,BoneH,650,$HeartY,35,2,200,,,
0,BoneV,$HeartX,-50,35,1,200,,,
0,BoneV,$HeartX,650,35,3,200,,,
0.6,GetHeartPos,HeartX,HeartY,,,,,,
0,BoneH,-50,$HeartY,35,0,200,,,
0,BoneH,650,$HeartY,35,2,200,,,
0,BoneV,$HeartX,-50,35,1,200,,,
0,BoneV,$HeartX,650,35,3,200,,,
0.6,GetHeartPos,HeartX,HeartY,,,,,,
0,BoneH,-50,$HeartY,35,0,200,,,
0,BoneH,650,$HeartY,35,2,200,,,
0,BoneV,$HeartX,-50,35,1,200,,,
0,BoneV,$HeartX,650,35,3,200,,,
0.6,GetHeartPos,HeartX,HeartY,,,,,,
0,BoneH,-50,$HeartY,35,0,200,,,
0,BoneH,650,$HeartY,35,2,200,,,
0,BoneV,$HeartX,-50,35,1,200,,,
0,BoneV,$HeartX,650,35,3,200,,,
0.6,GetHeartPos,HeartX,HeartY,,,,,,
0,BoneH,-50,$HeartY,35,0,200,,,
0,BoneH,650,$HeartY,35,2,200,,,
0,BoneV,$HeartX,-50,35,1,200,,,
0,BoneV,$HeartX,650,35,3,200,,,
0.6,GetHeartPos,HeartX,HeartY,,,,,,
0,BoneH,-50,$HeartY,35,0,200,,,
0,BoneH,650,$HeartY,35,2,200,,,
0,BoneV,$HeartX,-50,35,1,200,,,
0,BoneV,$HeartX,650,35,3,200,,,
0.6,GetHeartPos,HeartX,HeartY,,,,,,
0,BoneH,-50,$HeartY,35,0,200,,,
0,BoneH,650,$HeartY,35,2,200,,,
0,BoneV,$HeartX,-50,35,1,200,,,
0,BoneV,$HeartX,650,35,3,200,,,
0.6,GetHeartPos,HeartX,HeartY,,,,,,
0,BoneH,-50,$HeartY,35,0,200,,,
0,BoneH,650,$HeartY,35,2,200,,,
0,BoneV,$HeartX,-50,35,1,200,,,
0,BoneV,$HeartX,650,35,3,200,,,
0.6,GetHeartPos,HeartX,HeartY,,,,,,
0,BoneH,-50,$HeartY,35,0,200,,,
0,BoneH,650,$HeartY,35,2,200,,,
0,BoneV,$HeartX,-50,35,1,200,,,
0,BoneV,$HeartX,650,35,3,200,,,
0.6,GetHeartPos,HeartX,HeartY,,,,,,
0,BoneH,-50,$HeartY,35,0,200,,,
0,BoneH,650,$HeartY,35,2,200,,,
0,BoneV,$HeartX,-50,35,1,200,,,
0,BoneV,$HeartX,650,35,3,200,,,
0.6,GetHeartPos,HeartX,HeartY,,,,,,
0,BoneH,-50,$HeartY,35,0,200,,,
0,BoneH,650,$HeartY,35,2,200,,,
0,BoneV,$HeartX,-50,35,1,200,,,
0,BoneV,$HeartX,650,35,3,200,,,
0.6,GetHeartPos,HeartX,HeartY,,,,,,
0,BoneH,-50,$HeartY,35,0,200,,,
0,BoneH,650,$HeartY,35,2,200,,,
0,BoneV,$HeartX,-50,35,1,200,,,
0,BoneV,$HeartX,650,35,3,200,,,
3,GetHeartPos,HeartX,HeartY,,,,,,
0,BoneH,-50,$HeartY,35,0,300,,,
0,BoneH,650,$HeartY,35,2,300,,,
0,BoneV,$HeartX,-50,35,1,300,,,
0,BoneV,$HeartX,650,35,3,300,,,
0.3,GetHeartPos,HeartX,HeartY,,,,,,
0,BoneH,-50,$HeartY,35,0,300,,,
0,BoneH,650,$HeartY,35,2,300,,,
0,BoneV,$HeartX,-50,35,1,300,,,
0,BoneV,$HeartX,650,35,3,300,,,
0.3,GetHeartPos,HeartX,HeartY,,,,,,
0,BoneH,-50,$HeartY,35,0,300,,,
0,BoneH,650,$HeartY,35,2,300,,,
0,BoneV,$HeartX,-50,35,1,300,,,
0,BoneV,$HeartX,650,35,3,300,,,
0.3,GetHeartPos,HeartX,HeartY,,,,,,
0,BoneH,-50,$HeartY,35,0,300,,,
0,BoneH,650,$HeartY,35,2,300,,,
0,BoneV,$HeartX,-50,35,1,300,,,
0,BoneV,$HeartX,650,35,3,300,,,
0.3,GetHeartPos,HeartX,HeartY,,,,,,
0,BoneH,-50,$HeartY,35,0,300,,,
0,BoneH,650,$HeartY,35,2,300,,,
0,BoneV,$HeartX,-50,35,1,300,,,
0,BoneV,$HeartX,650,35,3,300,,,
3,HeartMode,1,,,,,,,
0,Sound,Ding,,,,,,,
0,BlackScreen,1,,,,,,,
0,BlackScreen,0,,,,,,,
0,Platform,5,391,630,,,,,
2,BoneV,0,250,200,0,235,1,,
3,BlackScreen,1,,,,,,,
0,Sound,Flash,,,,,,,
0.2,BlackScreen,0,,,,,,,
0,Sound,Flash,,,,,,,
0,CombatZoneResizeinstant,241,226,406,391,,,,
0,HeartTeleport,320,304,,,,,,
0,HeartMode,0,,,,,,,
0.2,GasterBlaster,1,551,76,451,176,135,0.1,0.45
0,GasterBlaster,1,91,76,191,176,45,0.1,0.45
0,GasterBlaster,1,66,246,166,246,0,0.1,0.45
0,GasterBlaster,1,261,46,261,146,90,0.1,0.45
0,GasterBlaster,1,586,371,486,371,180,0.1,0.45
0.5,BoneV,421,231,155,2,200,1,,
0.1,BoneV,421,231,155,2,200,1,,
0.25,SansSlam,0,,,,,,,
0,SansBody,HandRight,,,,,,,
0.1,BoneStab,0,25,0.25,0.5,,,,
0,BoneStab,2,105,0.25,0.5,,,,
0.35,HeartMode,0,,,,,,,
0,GasterBlaster,1,76,308.5,176,308.5,0,0.1,0.5
0,GasterBlaster,1,261,46,261,146,90,0.1,0.5
0,GasterBlaster,1,386,371,386,471,270,0.1,0.5
0.5,SansSlam,1,,,,,,,
0,SansBody,HandDown,,,,,,,
0.1,BoneStab,1,20,0.2,0.15,,,,
0,BoneStab,3,110,0.2,0.15,,,,
0,BoneStab,2,80,0.2,0.15,,,,
0,BoneStab,0,50,0.2,0.15,,,,
0.8,BoneStab,1,20,0.2,0.15,,,,
0,BoneStab,2,50,0.2,0.15,,,,
0,BoneStab,0,80,0.2,0.15,,,,
0.3,BoneStab,0,45,0,5,,,,
0,BoneStab,2,45,0,5,,,,
0,SansSlam,3,,,,,,,
0,SansBody,HandUp,,,,,,,
0.1,BoneStab,3,30,0.35,0.2,,,,
0,BoneStab,1,90,0.35,0.05,,,,
0.6,SansBody,HandDown,,,,,,,
0,SansSlam,1,,,,,,,
0.1,BoneStab,1,30,0.35,0.2,,,,
0,BoneStab,3,90,0.35,0.05,,,,
0.6,SansBody,HandUp,,,,,,,
0,SansSlam,3,,,,,,,
0.1,BoneStab,3,30,0.35,0.2,,,,
0,BoneStab,1,90,0.35,0.05,,,,
0.6,SansBody,HandDown,,,,,,,
0,SansSlam,1,,,,,,,
0.1,BoneStab,1,30,0.35,0.2,,,,
0,BoneStab,3,90,0.35,0.05,,,,
0.6,SansBody,HandUp,,,,,,,
0,SansSlam,3,,,,,,,
0.1,BoneStab,3,30,0.35,0.2,,,,
0,BoneStab,1,90,0.35,0.05,,,,
0.6,SansBody,HandDown,,,,,,,
0,SansSlam,1,,,,,,,
0.1,BoneStab,1,30,0.35,0.2,,,,
0,BoneStab,3,90,0.35,0.05,,,,
0.45,HeartMode,0,,,,,,,
0,Sound,Ding,,,,,,,
0,GasterBlaster,1,91,536,191,436,315,0,0.3
0,GasterBlaster,1,551,536,451,436,225,0,0.3
0.4,BlackScreen,1,,,,,,,
0,BlackScreen,0,,,,,,,
0,HeartMode,1,,,,,,,
0,CombatZoneResize,171,231,476,391,TLResume,,,
0.3,RND,Direction,50,,,,,,
0,ADD,Direction,$Direction,331,,,,,
0,BoneV,143.5,$Direction,150,0,201,,,
0,BoneV,503.5,$Direction,150,2,201,,,
0,SUB,Direction,$Direction,170,,,,,
0,BoneV,143.5,$Direction,150,0,201,,,
0,BoneV,503.5,$Direction,150,2,201,,,
,,,,,,,,,
1,RND,Direction,50,,,,,,
0,ADD,Direction,$Direction,331,,,,,
0,BoneV,143.5,$Direction,150,0,201,,,
0,BoneV,503.5,$Direction,150,2,201,,,
0,SUB,Direction,$Direction,170,,,,,
0,BoneV,143.5,$Direction,150,0,201,,,
0,BoneV,503.5,$Direction,150,2,201,,,
,,,,,,,,,
1,RND,Direction,50,,,,,,
0,ADD,Direction,$Direction,331,,,,,
0,BoneV,143.5,$Direction,150,0,201,,,
0,BoneV,503.5,$Direction,150,2,201,,,
0,SUB,Direction,$Direction,170,,,,,
0,BoneV,143.5,$Direction,150,0,201,,,
0,BoneV,503.5,$Direction,150,2,201,,,
,,,,,,,,,
1,RND,Direction,50,,,,,,
0,ADD,Direction,$Direction,331,,,,,
0,BoneV,143.5,$Direction,150,0,201,,,
0,BoneV,503.5,$Direction,150,2,201,,,
0,SUB,Direction,$Direction,170,,,,,
0,BoneV,143.5,$Direction,150,0,201,,,
0,BoneV,503.5,$Direction,150,2,201,,,
,,,,,,,,,
1,RND,Direction,50,,,,,,
0,ADD,Direction,$Direction,331,,,,,
0,BoneV,143.5,$Direction,150,0,201,,,
0,BoneV,503.5,$Direction,150,2,201,,,
0,SUB,Direction,$Direction,170,,,,,
0,BoneV,143.5,$Direction,150,0,201,,,
0,BoneV,503.5,$Direction,150,2,201,,,
,,,,,,,,,
1,RND,Direction,50,,,,,,
0,ADD,Direction,$Direction,331,,,,,
0,BoneV,143.5,$Direction,150,0,201,,,
0,BoneV,503.5,$Direction,150,2,201,,,
0,SUB,Direction,$Direction,170,,,,,
0,BoneV,143.5,$Direction,150,0,201,,,
0,BoneV,503.5,$Direction,150,2,201,,,
,,,,,,,,,
1,RND,Direction,50,,,,,,
0,ADD,Direction,$Direction,331,,,,,
0,BoneV,143.5,$Direction,150,0,201,,,
0,BoneV,503.5,$Direction,150,2,201,,,
0,SUB,Direction,$Direction,170,,,,,
0,BoneV,143.5,$Direction,150,0,201,,,
0,BoneV,503.5,$Direction,150,2,201,,,
4,CombatZoneResize,301,246,346,391,TLResume,,,
0,GasterBlaster,1,351,176,451,276,135,0,0.1
0,GasterBlaster,1,91,176,191,276,45,0,0.1
0,GasterBlaster,2,41,291,141,291,0,0,0.1
0.75,SansBody,HandDown,,,,,,,
0,SansSlam,1,,,,,,,
0,BoneStab,1,15,0.3,10,,,,
0.5,SansBody,HandUp,,,,,,,
0,SansSlam,3,,,,,,,
0,BoneStab,3,15,0.3,10,,,,
0.5,BlackScreen,1,,,,,,,
0,Sound,Flash,,,,,,,
0,SansRepeat,,,,,,,,
0.5,SansEndRepeat,,,,,,,,
0.5,BlackScreen,0,,,,,,,
0,Sound,Flash,,,,,,,
0,Sound,mus_zz_megalovania,20,,,,,,
0,CombatZoneResizeinstant,241,226,406,391,,,,
0,HeartTeleport,320,304,,,,,,
0,HeartMode,0,,,,,,,
0.5,RND,FUCK1,75,,,,,,
0,RND,FUCK2,200,,,,,,
0,RND,FUCK3,80,,,,,,155
0,ADD,FUCK1,$FUCK1,80,,,,,
0,ADD,FUCK2,$FUCK2,100,,,,,
0,ADD,FUCK3,$FUCK3,231,,,,,
0,BoneV,426,$FUCK3,$FUCK1,2,$FUCK2,1,,
0.3,RND,FUCK1,75,,,,,,
0,RND,FUCK2,200,,,,,,
0,RND,FUCK3,80,,,,,,
0,ADD,FUCK1,$FUCK1,80,,,,,
0,ADD,FUCK2,$FUCK2,100,,,,,
0,ADD,FUCK3,$FUCK3,231,,,,,
0,BoneV,426,$FUCK3,$FUCK1,2,$FUCK2,1,,
0.3,RND,FUCK1,75,,,,,,
0,RND,FUCK2,200,,,,,,
0,RND,FUCK3,80,,,,,,
0,ADD,FUCK1,$FUCK1,80,,,,,
0,ADD,FUCK2,$FUCK2,100,,,,,
0,ADD,FUCK3,$FUCK3,231,,,,,
0,BoneV,426,$FUCK3,$FUCK1,2,$FUCK2,1,,
0.3,RND,FUCK1,75,,,,,,
0,RND,FUCK2,200,,,,,,
0,RND,FUCK3,80,,,,,,
0,ADD,FUCK1,$FUCK1,80,,,,,
0,ADD,FUCK2,$FUCK2,100,,,,,
0,ADD,FUCK3,$FUCK3,231,,,,,
0,BoneV,426,$FUCK3,$FUCK1,2,$FUCK2,1,,
0.3,RND,FUCK1,75,,,,,,
0,RND,FUCK2,200,,,,,,
0,RND,FUCK3,80,,,,,,
0,ADD,FUCK1,$FUCK1,80,,,,,
0,ADD,FUCK2,$FUCK2,100,,,,,
0,ADD,FUCK3,$FUCK3,231,,,,,
0,BoneV,426,$FUCK3,$FUCK1,2,$FUCK2,1,,
0.3,RND,FUCK1,75,,,,,,
0,RND,FUCK2,200,,,,,,
0,RND,FUCK3,80,,,,,,
0,ADD,FUCK1,$FUCK1,80,,,,,
0,ADD,FUCK2,$FUCK2,100,,,,,
0,ADD,FUCK3,$FUCK3,231,,,,,
0,BoneV,426,$FUCK3,$FUCK1,2,$FUCK2,1,,
0.3,RND,FUCK1,75,,,,,,
0,RND,FUCK2,200,,,,,,
0,RND,FUCK3,80,,,,,,
0,ADD,FUCK1,$FUCK1,80,,,,,
0,ADD,FUCK2,$FUCK2,100,,,,,
0,ADD,FUCK3,$FUCK3,231,,,,,
0,BoneV,426,$FUCK3,$FUCK1,2,$FUCK2,1,,
0.3,RND,FUCK1,75,,,,,,
0,RND,FUCK2,200,,,,,,
0,RND,FUCK3,80,,,,,,
0,ADD,FUCK1,$FUCK1,80,,,,,
0,ADD,FUCK2,$FUCK2,100,,,,,
0,ADD,FUCK3,$FUCK3,231,,,,,
0,BoneV,426,$FUCK3,$FUCK1,2,$FUCK2,1,,
0.3,RND,FUCK1,75,,,,,,
0,RND,FUCK2,200,,,,,,
0,RND,FUCK3,80,,,,,,
0,ADD,FUCK1,$FUCK1,80,,,,,
0,ADD,FUCK2,$FUCK2,100,,,,,
0,ADD,FUCK3,$FUCK3,231,,,,,
0,BoneV,426,$FUCK3,$FUCK1,2,$FUCK2,1,,
0.3,RND,FUCK1,75,,,,,,
0,RND,FUCK2,200,,,,,,
0,RND,FUCK3,80,,,,,,
0,ADD,FUCK1,$FUCK1,80,,,,,
0,ADD,FUCK2,$FUCK2,100,,,,,
0,ADD,FUCK3,$FUCK3,231,,,,,
0,BoneV,426,$FUCK3,$FUCK1,2,$FUCK2,1,,
0.3,RND,FUCK1,75,,,,,,
0,RND,FUCK2,200,,,,,,
0,RND,FUCK3,80,,,,,,
0,ADD,FUCK1,$FUCK1,80,,,,,
0,ADD,FUCK2,$FUCK2,100,,,,,
0,ADD,FUCK3,$FUCK3,231,,,,,
0,BoneV,426,$FUCK3,$FUCK1,2,$FUCK2,1,,
0.3,RND,FUCK1,75,,,,,,
0,RND,FUCK2,200,,,,,,
0,RND,FUCK3,80,,,,,,
0,ADD,FUCK1,$FUCK1,80,,,,,
0,ADD,FUCK2,$FUCK2,100,,,,,
0,ADD,FUCK3,$FUCK3,231,,,,,
0,BoneV,426,$FUCK3,$FUCK1,2,$FUCK2,1,,
0.3,RND,FUCK1,75,,,,,,
0,RND,FUCK2,200,,,,,,
0,RND,FUCK3,80,,,,,,
0,ADD,FUCK1,$FUCK1,80,,,,,
0,ADD,FUCK2,$FUCK2,100,,,,,
0,ADD,FUCK3,$FUCK3,231,,,,,
0,BoneV,426,$FUCK3,$FUCK1,2,$FUCK2,1,,
0.3,RND,FUCK1,75,,,,,,
0,RND,FUCK2,200,,,,,,
0,RND,FUCK3,80,,,,,,
0,ADD,FUCK1,$FUCK1,80,,,,,
0,ADD,FUCK2,$FUCK2,100,,,,,
0,ADD,FUCK3,$FUCK3,231,,,,,
0,BoneV,426,$FUCK3,$FUCK1,2,$FUCK2,1,,
0.3,RND,FUCK1,75,,,,,,
0,RND,FUCK2,200,,,,,,
0,RND,FUCK3,80,,,,,,
0,ADD,FUCK1,$FUCK1,80,,,,,
0,ADD,FUCK2,$FUCK2,100,,,,,
0,ADD,FUCK3,$FUCK3,231,,,,,
0,BoneV,426,$FUCK3,$FUCK1,2,$FUCK2,1,,
0.3,RND,FUCK1,75,,,,,,
0,RND,FUCK2,200,,,,,,
0,RND,FUCK3,80,,,,,,
0,ADD,FUCK1,$FUCK1,80,,,,,
0,ADD,FUCK2,$FUCK2,100,,,,,
0,ADD,FUCK3,$FUCK3,231,,,,,
0,BoneV,426,$FUCK3,$FUCK1,2,$FUCK2,1,,
0.3,RND,FUCK1,75,,,,,,
0,RND,FUCK2,200,,,,,,
0,RND,FUCK3,80,,,,,,
0,ADD,FUCK1,$FUCK1,80,,,,,
0,ADD,FUCK2,$FUCK2,100,,,,,
0,ADD,FUCK3,$FUCK3,231,,,,,
0,BoneV,426,$FUCK3,$FUCK1,2,$FUCK2,1,,
5,HeartMode,1,,,,,,,
0,Sound,Ding,,,,,,,
0.3,BoneV,231,366,100,0,200,,,
1,GasterBlaster,1,323.5,0,323.5,176,90,0.1,0.35
0,GasterBlaster,1,0,361,171,361,0,0.3,0.15
0.8,SansSlam,2,,,,,,,
0,BoneStab,2,20,0.25,0.35,,,,
0,BoneStab,0,110,0.25,0.35,,,,
0.8,BoneStab,0,40,10,,,,,
0,BoneStab,2,40,10,,,,,
0.5,BlackScreen,1,,,,,,,
0,BlackScreen,0,,,,,,,
0,Sound,Ding,,,,,,,
0,BoneV,251,231,155,,,,,
0,BoneV,266,231,155,,,,,
0,BoneV,386,231,155,,,,,
0,BoneV,371,231,155,,,,,
0,HeartMode,0,,,,,,,
,,,,,,,,,
,,,,,,,,,
1,GetHeartpos,HeartX,HeartY,,,,,,
0,BlackScreen,1,,,,,,,
0,BlackScreen,0,,,,,,,
0,HeartTeleport,$HeartX,260,,,,,,
0,CombatZoneResizeinstant,241,226,406,271,,,,
0,Sound,Flash,,,,,,,
0,HeartMode,0,,,,,,,
0,BoneV,251,231,35,,,,,
0,BoneV,266,231,35,,,,,
0,BoneV,386,231,35,,,,,
0,BoneV,371,231,35,,,,,
0,BoneH,640,236,30,2,400,,,
0.5,BoneH,640,251,30,2,400,,,
0.5,BoneH,640,236,30,2,400,,,
0.5,BoneH,640,251,30,2,400,,,
0.5,BoneH,640,236,30,2,400,,,
0.5,BoneH,640,251,30,2,400,,,
0.5,BoneH,640,236,30,2,400,,,
3,BlackScreen,1,,,,,,,
0,BlackScreen,0,,,,,,,
0,Sound,Ding,,,,,,,
0,BoneV,251,231,35,,,,,
0,BoneV,266,231,35,,,1,,
0,BoneV,386,231,35,,,,,
0,BoneV,371,231,35,,,,,
0.25,BlackScreen,1,,,,,,,
0,BlackScreen,0,,,,,,,
0,Sound,Ding,,,,,,,
0,BoneV,251,231,35,,,,,
0,BoneV,266,231,35,,,,,
0,BoneV,386,231,35,,,1,,
0,BoneV,371,231,35,,,,,
0.25,BlackScreen,1,,,,,,,
0,BlackScreen,0,,,,,,,
0,Sound,Ding,,,,,,,
0,BoneV,251,231,35,,,,,
0,BoneV,266,231,35,,,,,
0,BoneV,386,231,35,,,,,
0,BoneV,371,231,35,,,1,,
0.25,BlackScreen,1,,,,,,,
0,BlackScreen,0,,,,,,,
0,Sound,Ding,,,,,,,
0,BoneV,251,231,35,,,1,,
0,BoneV,266,231,35,,,,,
0,BoneV,386,231,35,,,,,
0,BoneV,371,231,35,,,,,
0.25,BlackScreen,1,,,,,,,
0,BlackScreen,0,,,,,,,
0,BoneV,251,231,35,,,,,
0,BoneV,266,231,35,,,,,
0,BoneV,386,231,35,,,,,
0,BoneV,371,231,35,,,,,
0.5,BlackScreen,1,,,,,,,
0,Sound,Ding,,,,,,,
0,BlackScreen,0,,,,,,,
0,BoneV,251,231,35,,,1,,
0,BoneV,266,231,35,,,1,,
0,BoneV,386,231,35,,,1,,
0,BoneV,371,231,35,,,1,,
0.2,BlackScreen,1,,,,,,,
0,BlackScreen,0,,,,,,,
0,BoneV,251,231,35,,,1,,
0,BoneV,266,231,35,0,300,1,,
0,BoneV,386,231,35,,,1,,
0,BoneV,371,231,35,,,1,,
0.2,BlackScreen,1,,,,,,,
0,BlackScreen,0,,,,,,,
0,BoneV,251,231,35,,,1,,
0,BoneV,326,231,35,0,300,1,,
0,BoneV,386,231,35,2,300,1,,
0,BoneV,371,231,35,,,1,,
0.2,BlackScreen,1,,,,,,,
0,BlackScreen,0,,,,,,,
0,BoneV,251,231,35,,,1,,
0,BoneV,386,231,35,0,300,1,,
0,BoneV,326,231,35,2,300,1,,
0,BoneV,371,231,35,2,300,1,,
0.2,BlackScreen,1,,,,,,,
0,BlackScreen,0,,,,,,,
0,BoneV,251,231,35,0,300,1,,
0,BoneV,446,231,35,0,300,1,,
0,BoneV,266,231,35,2,300,1,,
0,BoneV,311,231,35,2,300,1,,
3.5,CombatZoneResizeinstant,241,226,406,391,,,,
0,Sound,Ding,,,,,,,
0,BoneV,0,231,35,0,500,,,
0,BoneV,75,231,35,0,500,,,
0,BoneV,640,231,35,2,500,,,
0,BoneV,565,231,35,2,500,,,
3,RND,dingding,4,,,,,,
1,SansSlam,$dingding,,,,,,,
0,BoneStab,$dingding,30,0.5,0.3,,,,
0.7,HeartMode,0,,,,,,,
0,Sound,Ding,,,,,,,
0.5,RND,dingding,360,,,,,,
0.1,GasterBlaster,3,323.5,308.5,323.5,308.5,$dingding,0.4,0.2
0.5,RND,dingding,360,,,,,,
0.1,GasterBlaster,3,323.5,308.5,323.5,308.5,$dingding,0.4,0.2
0.5,RND,dingding,360,,,,,,
0.1,GasterBlaster,3,323.5,308.5,323.5,308.5,$dingding,0.4,0.2
0.5,RND,dingding,360,,,,,,
0.1,GasterBlaster,3,323.5,308.5,323.5,308.5,$dingding,0.4,0.2
0.5,RND,dingding,360,,,,,,
0.1,GasterBlaster,3,323.5,308.5,323.5,308.5,$dingding,0.4,0.2
0.5,RND,dingding,360,,,,,,
0.1,GasterBlaster,3,323.5,308.5,323.5,308.5,$dingding,0.4,0.2
0.5,RND,dingding,360,,,,,,
0.1,GasterBlaster,3,323.5,308.5,323.5,308.5,$dingding,0.4,0.2
0.5,RND,dingding,360,,,,,,
0.1,GasterBlaster,3,323.5,308.5,323.5,308.5,$dingding,0.4,0.2
0.5,RND,dingding,360,,,,,,
0.1,GasterBlaster,3,323.5,308.5,323.5,308.5,$dingding,0.4,0.2
0.5,RND,dingding,360,,,,,,
0.1,GasterBlaster,3,323.5,308.5,323.5,308.5,$dingding,0.4,0.2
1,GasterBlaster,1,91,247,191,247,0,0.2,0.5
0,GasterBlaster,1,556,268,456,268,180,0.2,0.5
0,GasterBlaster,1,91,370,191,370,0,0.2,0.5
0,GasterBlaster,1,556,349,456,349,180,0.2,0.5
0,GasterBlaster,2,261,26,261,126,90,0.2,0.5
0,GasterBlaster,2,386,591,386,491,270,0.2,0.5
1.5,Sound,Ding,,,,,,,
0,RND,BONE,155,,,,,,
0,ADD,BONE,$BONE,236,,,,,
0,BoneH,640,$BONE,30,2,300,,,
0.12,Sound,Ding,,,,,,,
0,RND,BONE,155,,,,,,
0,ADD,BONE,$BONE,236,,,,,
0,BoneH,640,$BONE,30,2,300,,,
0.12,Sound,Ding,,,,,,,
0,RND,BONE,155,,,,,,
0,ADD,BONE,$BONE,236,,,,,
0,BoneH,640,$BONE,30,2,300,,,
0.12,Sound,Ding,,,,,,,
0,RND,BONE,155,,,,,,
0,ADD,BONE,$BONE,236,,,,,
0,BoneH,640,$BONE,30,2,300,,,
0.12,Sound,Ding,,,,,,,
0,RND,BONE,155,,,,,,
0,ADD,BONE,$BONE,236,,,,,
0,BoneH,640,$BONE,30,2,300,,,
0.12,Sound,Ding,,,,,,,
0,RND,BONE,155,,,,,,
0,ADD,BONE,$BONE,236,,,,,
0,BoneH,640,$BONE,30,2,300,,,
0.12,Sound,Ding,,,,,,,
0,RND,BONE,155,,,,,,
0,ADD,BONE,$BONE,236,,,,,
0,BoneH,640,$BONE,30,2,300,,,
0.12,Sound,Ding,,,,,,,
0,RND,BONE,155,,,,,,
0,ADD,BONE,$BONE,236,,,,,
0,BoneH,640,$BONE,30,2,300,,,
0.12,Sound,Ding,,,,,,,
0,RND,BONE,155,,,,,,
0,ADD,BONE,$BONE,236,,,,,
0,BoneH,640,$BONE,30,2,300,,,
0.12,Sound,Ding,,,,,,,
0,RND,BONE,155,,,,,,
0,ADD,BONE,$BONE,236,,,,,
0,BoneH,640,$BONE,30,2,300,,,
0.12,Sound,Ding,,,,,,,
0,RND,BONE,155,,,,,,
0,ADD,BONE,$BONE,236,,,,,
0,BoneH,640,$BONE,30,2,300,,,
0.12,Sound,Ding,,,,,,,
0,RND,BONE,155,,,,,,
0,ADD,BONE,$BONE,236,,,,,
0,BoneH,640,$BONE,30,2,300,,,
0.12,Sound,Ding,,,,,,,
0,RND,BONE,155,,,,,,
0,ADD,BONE,$BONE,236,,,,,
0,BoneH,640,$BONE,30,2,300,,,
0.12,Sound,Ding,,,,,,,
0,RND,BONE,155,,,,,,
0,ADD,BONE,$BONE,236,,,,,
0,BoneH,640,$BONE,30,2,300,,,
0.12,Sound,Ding,,,,,,,
0,RND,BONE,155,,,,,,
0,ADD,BONE,$BONE,236,,,,,
0,BoneH,640,$BONE,30,2,300,,,
0.12,Sound,Ding,,,,,,,
0,RND,BONE,155,,,,,,
0,ADD,BONE,$BONE,236,,,,,
0,BoneH,640,$BONE,30,2,300,,,
0.12,Sound,Ding,,,,,,,
0,RND,BONE,155,,,,,,
0,ADD,BONE,$BONE,236,,,,,
0,BoneH,640,$BONE,30,2,300,,,
0.12,Sound,Ding,,,,,,,
0,RND,BONE,155,,,,,,
0,ADD,BONE,$BONE,236,,,,,
0,BoneH,640,$BONE,30,2,300,,,
0.12,Sound,Ding,,,,,,,
0,RND,BONE,155,,,,,,
0,ADD,BONE,$BONE,236,,,,,
0,BoneH,640,$BONE,30,2,300,,,
0.12,Sound,Ding,,,,,,,
0,RND,BONE,155,,,,,,
0,ADD,BONE,$BONE,236,,,,,
0,BoneH,640,$BONE,30,2,300,,,
0.12,Sound,Ding,,,,,,,
0,RND,BONE,155,,,,,,
0,ADD,BONE,$BONE,236,,,,,
0,BoneH,640,$BONE,30,2,300,,,
0.12,Sound,Ding,,,,,,,
0,RND,BONE,155,,,,,,
0,ADD,BONE,$BONE,236,,,,,
0,BoneH,640,$BONE,30,2,300,,,
0.12,Sound,Ding,,,,,,,
0,RND,BONE,155,,,,,,
0,ADD,BONE,$BONE,236,,,,,
0,BoneH,640,$BONE,30,2,300,,,
0.12,Sound,Ding,,,,,,,
0,RND,BONE,155,,,,,,
0,ADD,BONE,$BONE,236,,,,,
0,BoneH,640,$BONE,30,2,300,,,
0.12,Sound,Ding,,,,,,,
0,RND,BONE,155,,,,,,
0,ADD,BONE,$BONE,236,,,,,
0,BoneH,640,$BONE,30,2,300,,,
0.12,Sound,Ding,,,,,,,
0,RND,BONE,155,,,,,,
0,ADD,BONE,$BONE,236,,,,,
0,BoneH,640,$BONE,30,2,300,,,
0.12,Sound,Ding,,,,,,,
0,RND,BONE,155,,,,,,
0,ADD,BONE,$BONE,236,,,,,
0,BoneH,640,$BONE,30,2,300,,,
0.12,Sound,Ding,,,,,,,
0,RND,BONE,155,,,,,,
0,ADD,BONE,$BONE,236,,,,,
0,BoneH,640,$BONE,30,2,300,,,
0.12,Sound,Ding,,,,,,,
0,RND,BONE,155,,,,,,
0,ADD,BONE,$BONE,236,,,,,
0,BoneH,640,$BONE,30,2,300,,,
0.12,Sound,Ding,,,,,,,
0,RND,BONE,155,,,,,,
0,ADD,BONE,$BONE,236,,,,,
0,BoneH,640,$BONE,30,2,300,,,
0.12,Sound,Ding,,,,,,,
0,RND,BONE,155,,,,,,
0,ADD,BONE,$BONE,236,,,,,
0,BoneH,640,$BONE,30,2,300,,,
0.12,Sound,Ding,,,,,,,
0,RND,BONE,155,,,,,,
0,ADD,BONE,$BONE,236,,,,,
0,BoneH,640,$BONE,30,2,300,,,
0.12,Sound,Ding,,,,,,,
0,RND,BONE,155,,,,,,
0,ADD,BONE,$BONE,236,,,,,
0,BoneH,640,$BONE,30,2,300,,,
0.12,Sound,Ding,,,,,,,
0,RND,BONE,155,,,,,,
0,ADD,BONE,$BONE,236,,,,,
0,BoneH,640,$BONE,30,2,300,,,
0.12,Sound,Ding,,,,,,,
0,RND,BONE,155,,,,,,
0,ADD,BONE,$BONE,236,,,,,
0,BoneH,640,$BONE,30,2,300,,,
0.12,Sound,Ding,,,,,,,
0,RND,BONE,155,,,,,,
0,ADD,BONE,$BONE,236,,,,,
0,BoneH,640,$BONE,30,2,300,,,
3,GasterBlaster,2,0,0,323.5,126,90,1.5,1
3,BlackScreen,1,,,,,,,
0,Sound,Flash,,,,,,,
0,sansX,320,,,,,,,
0,SansHead,tired2,,,,,,,
0.2,BlackScreen,0,,,,,,,
0,Sound,Flash,,,,,,,
0,SansBody,HandLeft,,,,,,,
0.5,SansAnimation,Tired,,,,,,,
3,SansHead,ClosedEyes,,,,,,,
0,SansText,he.,,,,,,,
0,SansText,come on.,,,,,,,
0,SansHead,noeyes,,,,,,,
0,SansText,let's end this.,,,,,,,
0,Sanssweat,0,,,,,,,
0,SansHead,Default,,,,,,,
0,Sound,mus_zz_megalovania,2,,,,,,
0.5,RND,Direction,4,,,,,,
0,BoneStab,$Direction,20,0.4,,,,,
0,SansSlam,$Direction,,,,,,,
0,SansBody,HandUp,,,,,,,
,,,,,,,,,
0.55,RND,Direction,4,,,,,,
0,BoneStab,$Direction,20,0.4,,,,,
0,SansSlam,$Direction,,,,,,,
0,SansBody,HandRight,,,,,,,
,,,,,,,,,
0.55,RND,Direction,4,,,,,,
0,BoneStab,$Direction,20,0.4,,,,,
0,SansSlam,$Direction,,,,,,,
0,SansBody,HandDown,,,,,,,
,,,,,,,,,
0.55,RND,Direction,4,,,,,,
0,BoneStab,$Direction,20,0.4,,,,,
0,SansSlam,$Direction,,,,,,,
0,SansBody,HandLeft,,,,,,,
,,,,,,,,,
0.55,RND,Direction,4,,,,,,
0,BoneStab,$Direction,20,0.4,,,,,
0,SansSlam,$Direction,,,,,,,
0,SansBody,HandUp,,,,,,,
,,,,,,,,,
0.55,RND,Direction,4,,,,,,
0,BoneStab,$Direction,20,0.4,,,,,
0,SansSlam,$Direction,,,,,,,
0,SansBody,HandRight,,,,,,,
,,,,,,,,,
0.55,RND,Direction,4,,,,,,
0,BoneStab,$Direction,20,0.4,,,,,
0,SansSlam,$Direction,,,,,,,
0,SansBody,HandDown,,,,,,,
,,,,,,,,,
0.55,RND,Direction,4,,,,,,
0,BoneStab,$Direction,20,0.4,,,,,
0,SansSlam,$Direction,,,,,,,
0,SansBody,HandLeft,,,,,,,
0.3,BoneHRepeat,130,-10,200,1,500,5,275,
0,BoneHRepeat,330,650,200,3,500,5,275,
0.1,HeartMode,0,,,,,,,
3,SansBody,HandDown,,,,,,,
0,SansSlam,1,,,,,,,
0,BoneStab,1,45,0.5,0.5,,,,
0.55,SansBody,HandUp,,,,,,,
0,SansSlam,3,,,,,,,
0,CombatZoneResize,281,-20,366,636,,,,
0,CombatZoneSpeed,250,,,,,,,
0,HeartMaxFallSpeed,100,,,,,,,
0.5,HeartMaxFallSpeed,0,,,,,,,
2,BoneH,286,-20,40,1,200,,,
0.3,BoneH,286,-20,75,1,200,1,,
0.3,BoneH,321,-20,40,1,200,,,
0.3,BoneH,286,-20,75,1,200,1,,
0.3,BoneH,286,-20,40,1,200,,,
0.3,BoneH,286,-20,75,1,200,1,,
0.3,BoneH,321,-20,40,1,200,,,
0.3,BoneH,286,-20,75,1,200,1,,
1,GetHeartpos,HeartX,HeartY,,,,,,
0,GasterBlaster,0,$HeartX,-120,$HeartX,0,90,0.1,0.2
0.65,HeartMaxFallSpeed,10,,,,,,,
0,GetHeartpos,HeartX,HeartY,,,,,,
0,GasterBlaster,0,$HeartX,-120,$HeartX,0,90,0.1,0.2
0.65,GetHeartpos,HeartX,HeartY,,,,,,
0,GasterBlaster,0,$HeartX,-120,$HeartX,0,90,0.1,0.2
0.65,GetHeartpos,HeartX,HeartY,,,,,,
0,GasterBlaster,0,$HeartX,-120,$HeartX,0,90,0.1,0.2
1,BoneH,286,-20,10,1,300,,,
0,BoneH,331,-20,30,1,300,,,
0.25,BoneH,286,-20,20,1,300,,,
0,BoneH,341,-20,20,1,300,,,
0.25,BoneH,286,-20,30,1,300,,,
0,BoneH,351,-20,10,1,300,,,
0.25,BoneH,286,-20,20,1,300,,,
0,BoneH,341,-20,20,1,300,,,
0.25,BoneH,286,-20,10,1,300,,,
0,BoneH,331,-20,30,1,300,,,
0.25,BoneH,286,-20,20,1,300,,,
0,BoneH,341,-20,20,1,300,,,
0.25,BoneH,286,-20,30,1,300,,,
0,BoneH,351,-20,10,1,300,,,
0.25,BoneH,286,-20,20,1,300,,,
0,BoneH,341,-20,20,1,300,,,
0.25,BoneH,286,-20,10,1,300,,,
0,BoneH,331,-20,30,1,300,,,
0.25,BoneH,286,-20,20,1,300,,,
0,BoneH,341,-20,20,1,300,,,
0.25,BoneH,286,-20,30,1,300,,,
0,BoneH,351,-20,10,1,300,,,
0.25,BoneH,286,-20,20,1,300,,,
0,BoneH,341,-20,20,1,300,,,
0.25,BoneH,286,-20,10,1,300,,,
0,BoneH,331,-20,30,1,300,,,
0.25,BoneH,286,-20,20,1,300,,,
0,BoneH,341,-20,20,1,300,,,
0.25,BoneH,286,-20,30,1,300,,,
0,BoneH,351,-20,10,1,300,,,
0.25,BoneH,286,-20,20,1,300,,,
0,BoneH,341,-20,20,1,300,,,
0.25,BoneH,286,-20,10,1,300,,,
0,BoneH,331,-20,30,1,300,,,
0.25,BoneH,286,-20,20,1,300,,,
0,BoneH,341,-20,20,1,300,,,
0.25,BoneH,286,-20,30,1,300,,,
0,BoneH,351,-20,10,1,300,,,
0.25,BoneH,286,-20,20,1,300,,,
0,BoneH,341,-20,20,1,300,,,
0.25,BoneH,286,-20,10,1,300,,,
0,BoneH,331,-20,30,1,300,,,
0.25,BoneH,286,-20,20,1,300,,,
0,BoneH,341,-20,20,1,300,,,
0.25,BoneH,286,-20,30,1,300,,,
0,BoneH,351,-20,10,1,300,,,
0.25,BoneH,286,-20,20,1,300,,,
0,BoneH,341,-20,20,1,300,,,
0.25,BoneH,286,-20,10,1,300,,,
0,BoneH,331,-20,30,1,300,,,
0.25,BoneH,286,-20,20,1,300,,,
0,BoneH,341,-20,20,1,300,,,
0.25,BoneH,286,-20,30,1,300,,,
0,BoneH,351,-20,10,1,300,,,
0.25,BoneH,286,-20,20,1,300,,,
0,BoneH,341,-20,20,1,300,,,
0.25,BoneH,286,-20,10,1,300,,,
0,BoneH,331,-20,30,1,300,,,
0.25,BoneH,286,-20,20,1,300,,,
0,BoneH,341,-20,20,1,300,,,
0.25,BoneH,286,-20,30,1,300,,,
0,BoneH,351,-20,10,1,300,,,
0.25,BoneH,286,-20,20,1,300,,,
0,BoneH,341,-20,20,1,300,,,
0.25,BoneH,286,-20,10,1,300,,,
0,BoneH,331,-20,30,1,300,,,
0.25,BoneH,286,-20,20,1,300,,,
0,BoneH,341,-20,20,1,300,,,
0.25,BoneH,286,-20,30,1,300,,,
0,BoneH,351,-20,10,1,300,,,
0.25,BoneH,286,-20,20,1,300,,,
0,BoneH,341,-20,20,1,300,,,
,,,,,,,,,
0.25,BoneH,286,-20,10,1,300,,,
0,BoneH,331,-20,30,1,300,,,
0.25,BoneH,286,-20,20,1,300,,,
0,BoneH,341,-20,20,1,300,,,
0.25,BoneH,286,-20,30,1,300,,,
0,BoneH,351,-20,10,1,300,,,
0.25,BoneH,286,-20,20,1,300,,,
0,BoneH,341,-20,20,1,300,,,
0.25,BoneH,286,-20,10,1,300,,,
0,BoneH,331,-20,30,1,300,,,
0.25,BoneH,286,-20,20,1,300,,,
0,BoneH,341,-20,20,1,300,,,
0.25,BoneH,286,-20,30,1,300,,,
0,BoneH,351,-20,10,1,300,,,
0.25,BoneH,286,-20,20,1,300,,,
0,BoneH,341,-20,20,1,300,,,
1.5,BoneStab,0,40,0.2,0.3,,,,
0.5,BoneStab,2,40,0.2,0.3,,,,
0.5,BoneStab,0,40,0.2,0.3,,,,
0.5,BoneStab,2,40,0.2,0.3,,,,
0.5,BoneStab,0,40,0.2,0.3,,,,
0.5,BoneStab,2,40,0.2,0.3,,,,
0.5,BoneStab,0,40,0.2,0.2,,,,
0.4,BoneStab,2,40,0.2,0.2,,,,
0.4,BoneStab,0,40,0.2,0.2,,,,
0.4,BoneStab,2,40,0.2,0.2,,,,
0.4,BoneStab,0,40,0.2,0.2,,,,
0.4,BoneStab,2,40,0.2,0.2,,,,
0.4,BoneStab,0,40,0.2,0.2,,,,
0.4,BoneStab,2,40,0.2,0.2,,,,
0.5,BoneStab,0,27.5,0.4,0.5,,,,
0,BoneStab,2,27.5,0.4,0.5,,,,
0.75,HeartMaxFallSpeed,250,,,,,,,
0,CombatZoneResize,281,15,366,636,,,,
0,CombatZoneSpeed,150,,,,,,,
0.55,BoneStab,3,45,0.5,5,,,,
0.75,BlackScreen,1,,,,,,,
0,Sound,Flash,,,,,,,
0.2,BlackScreen,0,,,,,,,
0,Sound,Flash,,,,,,,
0,CombatZoneResizeinstant,241,226,406,391,,,,
0,HeartTeleport,320,304,,,,,,
0,HeartMode,0,,,,,,,
0,SansHead,BlueEye,,,,,,,
0,Sound,Ding,,,,,,,
0,BoneVRepeat,391,126,50,1,175,5,500,
0,BoneVRepeat,391,441,50,3,175,5,500,
0.1,BoneVRepeat,376,126,50,1,175,5,500,
0,BoneVRepeat,376,441,50,3,175,5,500,
0.1,BoneVRepeat,361,126,50,1,175,5,500,
0,BoneVRepeat,361,441,50,3,175,5,500,
0.1,BoneVRepeat,346,126,50,1,175,5,500,
0,BoneVRepeat,346,441,50,3,175,5,500,
0.1,BoneVRepeat,331,126,50,1,175,5,500,
0,BoneVRepeat,331,441,50,3,175,5,500,
0.1,BoneVRepeat,316,126,50,1,175,5,500,
0,BoneVRepeat,316,441,50,3,175,5,500,
0.1,BoneVRepeat,301,126,50,1,175,5,500,
0,BoneVRepeat,301,441,50,3,175,5,500,
0.1,BoneVRepeat,286,126,50,1,175,5,500,
0,BoneVRepeat,286,441,50,3,175,5,500,
0.1,BoneVRepeat,271,126,50,1,175,5,500,
0,BoneVRepeat,271,441,50,3,175,5,500,
,,,,,,,,,
,,,,,,,,,
,,,,,,,,,
,,,,,,,,,
,,,,,,,,,
,,,,,,,,,
,,,,,,,,,
0.55,BoneVRepeat,251,126,50,1,175,5,500,
0,BoneVRepeat,251,441,50,3,175,5,500,
0.1,BoneVRepeat,266,126,50,1,175,5,500,
0,BoneVRepeat,266,441,50,3,175,5,500,
0.1,BoneVRepeat,281,126,50,1,175,5,500,
0,BoneVRepeat,281,441,50,3,175,5,500,
0.1,BoneVRepeat,296,126,50,1,175,5,500,
0,BoneVRepeat,296,441,50,3,175,5,500,
0.1,BoneVRepeat,311,126,50,1,175,5,500,
0,BoneVRepeat,311,441,50,3,175,5,500,
0.1,BoneVRepeat,326,126,50,1,175,5,500,
0,BoneVRepeat,326,441,50,3,175,5,500,
0.1,BoneVRepeat,341,126,50,1,175,5,500,
0,BoneVRepeat,341,441,50,3,175,5,500,
0.1,BoneVRepeat,356,126,50,1,175,5,500,
0,BoneVRepeat,356,441,50,3,175,5,500,
0.1,BoneVRepeat,371,126,50,1,175,5,500,
0,BoneVRepeat,371,441,50,3,175,5,500,
,,,,,,,,,
13,GasterBlaster,3,323.5,308.5,323.5,308.5,0,1,0.065
0,GasterBlaster,3,323.5,308.5,323.5,308.5,180,1,0.065
0.045,GasterBlaster,3,323.5,308.5,323.5,308.5,10,1,0.065
0,GasterBlaster,3,323.5,308.5,323.5,308.5,190,1,0.065
0.045,GasterBlaster,3,323.5,308.5,323.5,308.5,20,1,0.065
0,GasterBlaster,3,323.5,308.5,323.5,308.5,200,1,0.065
0.045,GasterBlaster,3,323.5,308.5,323.5,308.5,30,1,0.065
0,GasterBlaster,3,323.5,308.5,323.5,308.5,210,1,0.065
0.045,GasterBlaster,3,323.5,308.5,323.5,308.5,40,1,0.065
0,GasterBlaster,3,323.5,308.5,323.5,308.5,220,1,0.065
0.045,GasterBlaster,3,323.5,308.5,323.5,308.5,50,1,0.065
0,GasterBlaster,3,323.5,308.5,323.5,308.5,230,1,0.065
0.045,GasterBlaster,3,323.5,308.5,323.5,308.5,60,1,0.065
0,GasterBlaster,3,323.5,308.5,323.5,308.5,240,1,0.065
0.045,GasterBlaster,3,323.5,308.5,323.5,308.5,70,1,0.065
0,GasterBlaster,3,323.5,308.5,323.5,308.5,250,1,0.065
0.045,GasterBlaster,3,323.5,308.5,323.5,308.5,80,1,0.065
0,GasterBlaster,3,323.5,308.5,323.5,308.5,260,1,0.065
0.045,GasterBlaster,3,323.5,308.5,323.5,308.5,90,1,0.065
0,GasterBlaster,3,323.5,308.5,323.5,308.5,270,1,0.065
0.045,GasterBlaster,3,323.5,308.5,323.5,308.5,100,1,0.065
0,GasterBlaster,3,323.5,308.5,323.5,308.5,280,1,0.065
0.045,GasterBlaster,3,323.5,308.5,323.5,308.5,110,1,0.065
0,GasterBlaster,3,323.5,308.5,323.5,308.5,290,1,0.065
0.045,GasterBlaster,3,323.5,308.5,323.5,308.5,120,1,0.065
0,GasterBlaster,3,323.5,308.5,323.5,308.5,300,1,0.065
0.045,GasterBlaster,3,323.5,308.5,323.5,308.5,130,1,0.065
0,GasterBlaster,3,323.5,308.5,323.5,308.5,310,1,0.065
0.045,GasterBlaster,3,323.5,308.5,323.5,308.5,140,1,0.065
0,GasterBlaster,3,323.5,308.5,323.5,308.5,320,1,0.065
0.045,GasterBlaster,3,323.5,308.5,323.5,308.5,150,1,0.065
0,GasterBlaster,3,323.5,308.5,323.5,308.5,330,1,0.065
0.045,GasterBlaster,3,323.5,308.5,323.5,308.5,160,1,0.065
0,GasterBlaster,3,323.5,308.5,323.5,308.5,340,1,0.065
0.045,GasterBlaster,3,323.5,308.5,323.5,308.5,170,1,0.065
0,GasterBlaster,3,323.5,308.5,323.5,308.5,350,1,0.065
0.045,GasterBlaster,3,323.5,308.5,323.5,308.5,180,1,0.065
0,GasterBlaster,3,323.5,308.5,323.5,308.5,0,1,0.065
0.045,GasterBlaster,3,323.5,308.5,323.5,308.5,190,1,0.065
0,GasterBlaster,3,323.5,308.5,323.5,308.5,10,1,0.065
0.045,GasterBlaster,3,323.5,308.5,323.5,308.5,200,1,0.065
0,GasterBlaster,3,323.5,308.5,323.5,308.5,20,1,0.065
0.045,GasterBlaster,3,323.5,308.5,323.5,308.5,210,1,0.065
0,GasterBlaster,3,323.5,308.5,323.5,308.5,30,1,0.065
0.045,GasterBlaster,3,323.5,308.5,323.5,308.5,220,1,0.065
0,GasterBlaster,3,323.5,308.5,323.5,308.5,40,1,0.065
0.045,GasterBlaster,3,323.5,308.5,323.5,308.5,230,1,0.065
0,GasterBlaster,3,323.5,308.5,323.5,308.5,50,1,0.065
0.045,GasterBlaster,3,323.5,308.5,323.5,308.5,240,1,0.065
0,GasterBlaster,3,323.5,308.5,323.5,308.5,60,1,0.065
0.045,GasterBlaster,3,323.5,308.5,323.5,308.5,250,1,0.065
0,GasterBlaster,3,323.5,308.5,323.5,308.5,70,1,0.065
0.045,GasterBlaster,3,323.5,308.5,323.5,308.5,260,1,0.065
0,GasterBlaster,3,323.5,308.5,323.5,308.5,80,1,0.065
0.045,GasterBlaster,3,323.5,308.5,323.5,308.5,270,1,0.065
0,GasterBlaster,3,323.5,308.5,323.5,308.5,90,1,0.065
0.045,GasterBlaster,3,323.5,308.5,323.5,308.5,280,1,0.065
0,GasterBlaster,3,323.5,308.5,323.5,308.5,100,1,0.065
0.045,GasterBlaster,3,323.5,308.5,323.5,308.5,290,1,0.065
0,GasterBlaster,3,323.5,308.5,323.5,308.5,110,1,0.065
0.045,GasterBlaster,3,323.5,308.5,323.5,308.5,300,1,0.065
0,GasterBlaster,3,323.5,308.5,323.5,308.5,120,1,0.065
0.045,GasterBlaster,3,323.5,308.5,323.5,308.5,310,1,0.065
0,GasterBlaster,3,323.5,308.5,323.5,308.5,130,1,0.065
0.045,GasterBlaster,3,323.5,308.5,323.5,308.5,320,1,0.065
0,GasterBlaster,3,323.5,308.5,323.5,308.5,140,1,0.065
0.045,GasterBlaster,3,323.5,308.5,323.5,308.5,330,1,0.065
0,GasterBlaster,3,323.5,308.5,323.5,308.5,150,1,0.065
0.045,GasterBlaster,3,323.5,308.5,323.5,308.5,340,1,0.065
0,GasterBlaster,3,323.5,308.5,323.5,308.5,160,1,0.065
0.045,GasterBlaster,3,323.5,308.5,323.5,308.5,350,1,0.065
0,GasterBlaster,3,323.5,308.5,323.5,308.5,170,1,0.065
,,,,,,,,,
0.045,GasterBlaster,3,323.5,308.5,323.5,308.5,0,1,0.065
0,GasterBlaster,3,323.5,308.5,323.5,308.5,180,1,0.065
0.045,GasterBlaster,3,323.5,308.5,323.5,308.5,10,1,0.065
0,GasterBlaster,3,323.5,308.5,323.5,308.5,190,1,0.065
0.045,GasterBlaster,3,323.5,308.5,323.5,308.5,20,1,0.065
0,GasterBlaster,3,323.5,308.5,323.5,308.5,200,1,0.065
0.045,GasterBlaster,3,323.5,308.5,323.5,308.5,30,1,0.065
0,GasterBlaster,3,323.5,308.5,323.5,308.5,210,1,0.065
0.045,GasterBlaster,3,323.5,308.5,323.5,308.5,40,1,0.065
0,GasterBlaster,3,323.5,308.5,323.5,308.5,220,1,0.065
0.045,GasterBlaster,3,323.5,308.5,323.5,308.5,50,1,0.065
0,GasterBlaster,3,323.5,308.5,323.5,308.5,230,1,0.065
0.045,GasterBlaster,3,323.5,308.5,323.5,308.5,60,1,0.065
0,GasterBlaster,3,323.5,308.5,323.5,308.5,240,1,0.065
0.045,GasterBlaster,3,323.5,308.5,323.5,308.5,70,1,0.065
0,GasterBlaster,3,323.5,308.5,323.5,308.5,250,1,0.065
0.045,GasterBlaster,3,323.5,308.5,323.5,308.5,80,1,0.065
0,GasterBlaster,3,323.5,308.5,323.5,308.5,260,1,0.065
0.045,GasterBlaster,3,323.5,308.5,323.5,308.5,90,1,0.065
0,GasterBlaster,3,323.5,308.5,323.5,308.5,270,1,0.065
0.045,GasterBlaster,3,323.5,308.5,323.5,308.5,100,1,0.065
0,GasterBlaster,3,323.5,308.5,323.5,308.5,280,1,0.065
0.045,GasterBlaster,3,323.5,308.5,323.5,308.5,110,1,0.065
0,GasterBlaster,3,323.5,308.5,323.5,308.5,290,1,0.065
0.045,GasterBlaster,3,323.5,308.5,323.5,308.5,120,1,0.065
0,GasterBlaster,3,323.5,308.5,323.5,308.5,300,1,0.065
0.045,GasterBlaster,3,323.5,308.5,323.5,308.5,130,1,0.065
0,GasterBlaster,3,323.5,308.5,323.5,308.5,310,1,0.065
0.045,GasterBlaster,3,323.5,308.5,323.5,308.5,140,1,0.065
0,GasterBlaster,3,323.5,308.5,323.5,308.5,320,1,0.065
0.045,GasterBlaster,3,323.5,308.5,323.5,308.5,150,1,0.065
0,GasterBlaster,3,323.5,308.5,323.5,308.5,330,1,0.065
0.045,GasterBlaster,3,323.5,308.5,323.5,308.5,160,1,0.065
0,GasterBlaster,3,323.5,308.5,323.5,308.5,340,1,0.065
0.045,GasterBlaster,3,323.5,308.5,323.5,308.5,170,1,0.065
0,GasterBlaster,3,323.5,308.5,323.5,308.5,350,1,0.065
0.045,GasterBlaster,3,323.5,308.5,323.5,308.5,180,1,0.065
0,GasterBlaster,3,323.5,308.5,323.5,308.5,0,1,0.065
0.045,GasterBlaster,3,323.5,308.5,323.5,308.5,190,1,0.065
0,GasterBlaster,3,323.5,308.5,323.5,308.5,10,1,0.065
0.045,GasterBlaster,3,323.5,308.5,323.5,308.5,200,1,0.065
0,GasterBlaster,3,323.5,308.5,323.5,308.5,20,1,0.065
0.045,GasterBlaster,3,323.5,308.5,323.5,308.5,210,1,0.065
0,GasterBlaster,3,323.5,308.5,323.5,308.5,30,1,0.065
0.045,GasterBlaster,3,323.5,308.5,323.5,308.5,220,1,0.065
0,GasterBlaster,3,323.5,308.5,323.5,308.5,40,1,0.065
0.045,GasterBlaster,3,323.5,308.5,323.5,308.5,230,1,0.065
0,GasterBlaster,3,323.5,308.5,323.5,308.5,50,1,0.065
0.045,GasterBlaster,3,323.5,308.5,323.5,308.5,240,1,0.065
0,GasterBlaster,3,323.5,308.5,323.5,308.5,60,1,0.065
0.045,GasterBlaster,3,323.5,308.5,323.5,308.5,250,1,0.065
0,GasterBlaster,3,323.5,308.5,323.5,308.5,70,1,0.065
0.045,GasterBlaster,3,323.5,308.5,323.5,308.5,260,1,0.065
0,GasterBlaster,3,323.5,308.5,323.5,308.5,80,1,0.065
0.045,GasterBlaster,3,323.5,308.5,323.5,308.5,270,1,0.065
0,GasterBlaster,3,323.5,308.5,323.5,308.5,90,1,0.065
0.045,GasterBlaster,3,323.5,308.5,323.5,308.5,280,1,0.065
0,GasterBlaster,3,323.5,308.5,323.5,308.5,100,1,0.065
0.045,GasterBlaster,3,323.5,308.5,323.5,308.5,290,1,0.065
0,GasterBlaster,3,323.5,308.5,323.5,308.5,110,1,0.065
0.045,GasterBlaster,3,323.5,308.5,323.5,308.5,300,1,0.065
0,GasterBlaster,3,323.5,308.5,323.5,308.5,120,1,0.065
0.045,GasterBlaster,3,323.5,308.5,323.5,308.5,310,1,0.065
0,GasterBlaster,3,323.5,308.5,323.5,308.5,130,1,0.065
0.045,GasterBlaster,3,323.5,308.5,323.5,308.5,320,1,0.065
0,GasterBlaster,3,323.5,308.5,323.5,308.5,140,1,0.065
0.045,GasterBlaster,3,323.5,308.5,323.5,308.5,330,1,0.065
0,GasterBlaster,3,323.5,308.5,323.5,308.5,150,1,0.065
0.045,GasterBlaster,3,323.5,308.5,323.5,308.5,340,1,0.065
0,GasterBlaster,3,323.5,308.5,323.5,308.5,160,1,0.065
0.045,GasterBlaster,3,323.5,308.5,323.5,308.5,350,1,0.065
0,GasterBlaster,3,323.5,308.5,323.5,308.5,170,1,0.065
0.045,GasterBlaster,3,323.5,308.5,323.5,308.5,0,1,0.065
0,GasterBlaster,3,323.5,308.5,323.5,308.5,180,1,0.065
0.045,GasterBlaster,3,323.5,308.5,323.5,308.5,10,1,0.065
0,GasterBlaster,3,323.5,308.5,323.5,308.5,190,1,0.065
0.045,GasterBlaster,3,323.5,308.5,323.5,308.5,20,1,0.065
0,GasterBlaster,3,323.5,308.5,323.5,308.5,200,1,0.065
0.045,GasterBlaster,3,323.5,308.5,323.5,308.5,30,1,0.065
0,GasterBlaster,3,323.5,308.5,323.5,308.5,210,1,0.065
0.045,GasterBlaster,3,323.5,308.5,323.5,308.5,40,1,0.065
0,GasterBlaster,3,323.5,308.5,323.5,308.5,220,1,0.065
0.045,GasterBlaster,3,323.5,308.5,323.5,308.5,50,1,0.065
0,GasterBlaster,3,323.5,308.5,323.5,308.5,230,1,0.065
0.045,GasterBlaster,3,323.5,308.5,323.5,308.5,60,1,0.065
0,GasterBlaster,3,323.5,308.5,323.5,308.5,240,1,0.065
0.045,GasterBlaster,3,323.5,308.5,323.5,308.5,70,1,0.065
0,GasterBlaster,3,323.5,308.5,323.5,308.5,250,1,0.065
0.045,GasterBlaster,3,323.5,308.5,323.5,308.5,80,1,0.065
0,GasterBlaster,3,323.5,308.5,323.5,308.5,260,1,0.065
0.045,GasterBlaster,3,323.5,308.5,323.5,308.5,90,1,0.065
0,GasterBlaster,3,323.5,308.5,323.5,308.5,270,1,0.065
0.045,GasterBlaster,3,323.5,308.5,323.5,308.5,100,1,0.065
0,GasterBlaster,3,323.5,308.5,323.5,308.5,280,1,0.065
0.045,GasterBlaster,3,323.5,308.5,323.5,308.5,110,1,0.065
0,GasterBlaster,3,323.5,308.5,323.5,308.5,290,1,0.065
0.045,GasterBlaster,3,323.5,308.5,323.5,308.5,120,1,0.065
0,GasterBlaster,3,323.5,308.5,323.5,308.5,300,1,0.065
0.045,GasterBlaster,3,323.5,308.5,323.5,308.5,130,1,0.065
0,GasterBlaster,3,323.5,308.5,323.5,308.5,310,1,0.065
0.045,GasterBlaster,3,323.5,308.5,323.5,308.5,140,1,0.065
0,GasterBlaster,3,323.5,308.5,323.5,308.5,320,1,0.065
0.045,GasterBlaster,3,323.5,308.5,323.5,308.5,150,1,0.065
0,GasterBlaster,3,323.5,308.5,323.5,308.5,330,1,0.065
0.045,GasterBlaster,3,323.5,308.5,323.5,308.5,160,1,0.065
0,GasterBlaster,3,323.5,308.5,323.5,308.5,340,1,0.065
0.045,GasterBlaster,3,323.5,308.5,323.5,308.5,170,1,0.065
0,GasterBlaster,3,323.5,308.5,323.5,308.5,350,1,0.065
0.045,GasterBlaster,3,323.5,308.5,323.5,308.5,180,1,0.065
0,GasterBlaster,3,323.5,308.5,323.5,308.5,0,1,0.065
0.045,GasterBlaster,3,323.5,308.5,323.5,308.5,190,1,0.065
0,GasterBlaster,3,323.5,308.5,323.5,308.5,10,1,0.065
0.045,GasterBlaster,3,323.5,308.5,323.5,308.5,200,1,0.065
0,GasterBlaster,3,323.5,308.5,323.5,308.5,20,1,0.065
0.045,GasterBlaster,3,323.5,308.5,323.5,308.5,210,1,0.065
0,GasterBlaster,3,323.5,308.5,323.5,308.5,30,1,0.065
0.045,GasterBlaster,3,323.5,308.5,323.5,308.5,220,1,0.065
0,GasterBlaster,3,323.5,308.5,323.5,308.5,40,1,0.065
0.045,GasterBlaster,3,323.5,308.5,323.5,308.5,230,1,0.065
0,GasterBlaster,3,323.5,308.5,323.5,308.5,50,1,0.065
0.045,GasterBlaster,3,323.5,308.5,323.5,308.5,240,1,0.065
0,GasterBlaster,3,323.5,308.5,323.5,308.5,60,1,0.065
0.045,GasterBlaster,3,323.5,308.5,323.5,308.5,250,1,0.065
0,GasterBlaster,3,323.5,308.5,323.5,308.5,70,1,0.065
0.045,GasterBlaster,3,323.5,308.5,323.5,308.5,260,1,0.065
0,GasterBlaster,3,323.5,308.5,323.5,308.5,80,1,0.065
0.045,GasterBlaster,3,323.5,308.5,323.5,308.5,270,1,0.065
0,GasterBlaster,3,323.5,308.5,323.5,308.5,90,1,0.065
0.045,GasterBlaster,3,323.5,308.5,323.5,308.5,280,1,0.065
0,GasterBlaster,3,323.5,308.5,323.5,308.5,100,1,0.065
0.045,GasterBlaster,3,323.5,308.5,323.5,308.5,290,1,0.065
0,GasterBlaster,3,323.5,308.5,323.5,308.5,110,1,0.065
0.045,GasterBlaster,3,323.5,308.5,323.5,308.5,300,1,0.065
0,GasterBlaster,3,323.5,308.5,323.5,308.5,120,1,0.065
0.045,GasterBlaster,3,323.5,308.5,323.5,308.5,310,1,0.065
0,GasterBlaster,3,323.5,308.5,323.5,308.5,130,1,0.065
0.045,GasterBlaster,3,323.5,308.5,323.5,308.5,320,1,0.065
0,GasterBlaster,3,323.5,308.5,323.5,308.5,140,1,0.065
0.045,GasterBlaster,3,323.5,308.5,323.5,308.5,330,1,0.065
0,GasterBlaster,3,323.5,308.5,323.5,308.5,150,1,0.065
0.045,GasterBlaster,3,323.5,308.5,323.5,308.5,340,1,0.065
0,GasterBlaster,3,323.5,308.5,323.5,308.5,160,1,0.065
0.045,GasterBlaster,3,323.5,308.5,323.5,308.5,350,1,0.065
0,GasterBlaster,3,323.5,308.5,323.5,308.5,170,1,0.065
0.045,GasterBlaster,3,323.5,308.5,323.5,308.5,0,1,0.065
0,GasterBlaster,3,323.5,308.5,323.5,308.5,180,1,0.065
0.045,GasterBlaster,3,323.5,308.5,323.5,308.5,10,1,0.065
0,GasterBlaster,3,323.5,308.5,323.5,308.5,190,1,0.065
0.045,GasterBlaster,3,323.5,308.5,323.5,308.5,20,1,0.065
0,GasterBlaster,3,323.5,308.5,323.5,308.5,200,1,0.065
0.045,GasterBlaster,3,323.5,308.5,323.5,308.5,30,1,0.065
0,GasterBlaster,3,323.5,308.5,323.5,308.5,210,1,0.065
0.045,GasterBlaster,3,323.5,308.5,323.5,308.5,40,1,0.065
0,GasterBlaster,3,323.5,308.5,323.5,308.5,220,1,0.065
0.045,GasterBlaster,3,323.5,308.5,323.5,308.5,50,1,0.065
0,GasterBlaster,3,323.5,308.5,323.5,308.5,230,1,0.065
0.045,GasterBlaster,3,323.5,308.5,323.5,308.5,60,1,0.065
0,GasterBlaster,3,323.5,308.5,323.5,308.5,240,1,0.065
0.045,GasterBlaster,3,323.5,308.5,323.5,308.5,70,1,0.065
0,GasterBlaster,3,323.5,308.5,323.5,308.5,250,1,0.065
0.045,GasterBlaster,3,323.5,308.5,323.5,308.5,80,1,0.065
0,GasterBlaster,3,323.5,308.5,323.5,308.5,260,1,0.065
0.045,GasterBlaster,3,323.5,308.5,323.5,308.5,90,1,0.065
0,GasterBlaster,3,323.5,308.5,323.5,308.5,270,1,0.065
0.045,GasterBlaster,3,323.5,308.5,323.5,308.5,100,1,0.065
0,GasterBlaster,3,323.5,308.5,323.5,308.5,280,1,0.065
0.045,GasterBlaster,3,323.5,308.5,323.5,308.5,110,1,0.065
0,GasterBlaster,3,323.5,308.5,323.5,308.5,290,1,0.065
0.045,GasterBlaster,3,323.5,308.5,323.5,308.5,120,1,0.065
0,GasterBlaster,3,323.5,308.5,323.5,308.5,300,1,0.065
0.045,GasterBlaster,3,323.5,308.5,323.5,308.5,130,1,0.065
0,GasterBlaster,3,323.5,308.5,323.5,308.5,310,1,0.065
0.045,GasterBlaster,3,323.5,308.5,323.5,308.5,140,1,0.065
0,GasterBlaster,3,323.5,308.5,323.5,308.5,320,1,0.065
0.045,GasterBlaster,3,323.5,308.5,323.5,308.5,150,1,0.065
0,GasterBlaster,3,323.5,308.5,323.5,308.5,330,1,0.065
0.045,GasterBlaster,3,323.5,308.5,323.5,308.5,160,1,0.065
0,GasterBlaster,3,323.5,308.5,323.5,308.5,340,1,0.065
0.045,GasterBlaster,3,323.5,308.5,323.5,308.5,170,1,0.065
0,GasterBlaster,3,323.5,308.5,323.5,308.5,350,1,0.065
0.045,GasterBlaster,3,323.5,308.5,323.5,308.5,180,1,0.065
0,GasterBlaster,3,323.5,308.5,323.5,308.5,0,1,0.065
0.045,GasterBlaster,3,323.5,308.5,323.5,308.5,190,1,0.065
0,GasterBlaster,3,323.5,308.5,323.5,308.5,10,1,0.065
0.045,GasterBlaster,3,323.5,308.5,323.5,308.5,200,1,0.065
0,GasterBlaster,3,323.5,308.5,323.5,308.5,20,1,0.065
0.045,GasterBlaster,3,323.5,308.5,323.5,308.5,210,1,0.065
0,GasterBlaster,3,323.5,308.5,323.5,308.5,30,1,0.065
0.045,GasterBlaster,3,323.5,308.5,323.5,308.5,220,1,0.065
0,GasterBlaster,3,323.5,308.5,323.5,308.5,40,1,0.065
0.045,GasterBlaster,3,323.5,308.5,323.5,308.5,230,1,0.065
0,GasterBlaster,3,323.5,308.5,323.5,308.5,50,1,0.065
0.045,GasterBlaster,3,323.5,308.5,323.5,308.5,240,1,0.065
0,GasterBlaster,3,323.5,308.5,323.5,308.5,60,1,0.065
0.045,GasterBlaster,3,323.5,308.5,323.5,308.5,250,1,0.065
0,GasterBlaster,3,323.5,308.5,323.5,308.5,70,1,0.065
0.045,GasterBlaster,3,323.5,308.5,323.5,308.5,260,1,0.065
0,GasterBlaster,3,323.5,308.5,323.5,308.5,80,1,0.065
0.045,GasterBlaster,3,323.5,308.5,323.5,308.5,270,1,0.065
0,GasterBlaster,3,323.5,308.5,323.5,308.5,90,1,0.065
0.045,GasterBlaster,3,323.5,308.5,323.5,308.5,280,1,0.065
0,GasterBlaster,3,323.5,308.5,323.5,308.5,100,1,0.065
0.045,GasterBlaster,3,323.5,308.5,323.5,308.5,290,1,0.065
0,GasterBlaster,3,323.5,308.5,323.5,308.5,110,1,0.065
0.045,GasterBlaster,3,323.5,308.5,323.5,308.5,300,1,0.065
0,GasterBlaster,3,323.5,308.5,323.5,308.5,120,1,0.065
0.045,GasterBlaster,3,323.5,308.5,323.5,308.5,310,1,0.065
0,GasterBlaster,3,323.5,308.5,323.5,308.5,130,1,0.065
0.045,GasterBlaster,3,323.5,308.5,323.5,308.5,320,1,0.065
0,GasterBlaster,3,323.5,308.5,323.5,308.5,140,1,0.065
0.045,GasterBlaster,3,323.5,308.5,323.5,308.5,330,1,0.065
0,GasterBlaster,3,323.5,308.5,323.5,308.5,150,1,0.065
0.045,GasterBlaster,3,323.5,308.5,323.5,308.5,340,1,0.065
0,GasterBlaster,3,323.5,308.5,323.5,308.5,160,1,0.065
0.045,GasterBlaster,3,323.5,308.5,323.5,308.5,350,1,0.065
0,GasterBlaster,3,323.5,308.5,323.5,308.5,170,1,0.065
0.045,GasterBlaster,3,323.5,308.5,323.5,308.5,0,1,0.065
0,GasterBlaster,3,323.5,308.5,323.5,308.5,180,1,0.065
0.045,GasterBlaster,3,323.5,308.5,323.5,308.5,10,1,0.065
0,GasterBlaster,3,323.5,308.5,323.5,308.5,190,1,0.065
0.045,GasterBlaster,3,323.5,308.5,323.5,308.5,20,1,0.065
0,GasterBlaster,3,323.5,308.5,323.5,308.5,200,1,0.065
0.045,GasterBlaster,3,323.5,308.5,323.5,308.5,30,1,0.065
0,GasterBlaster,3,323.5,308.5,323.5,308.5,210,1,0.065
0.045,GasterBlaster,3,323.5,308.5,323.5,308.5,40,1,0.065
0,GasterBlaster,3,323.5,308.5,323.5,308.5,220,1,0.065
0.045,GasterBlaster,3,323.5,308.5,323.5,308.5,50,1,0.065
0,GasterBlaster,3,323.5,308.5,323.5,308.5,230,1,0.065
0.045,GasterBlaster,3,323.5,308.5,323.5,308.5,60,1,0.065
0,GasterBlaster,3,323.5,308.5,323.5,308.5,240,1,0.065
0.045,GasterBlaster,3,323.5,308.5,323.5,308.5,70,1,0.065
0,GasterBlaster,3,323.5,308.5,323.5,308.5,250,1,0.065
0.045,GasterBlaster,3,323.5,308.5,323.5,308.5,80,1,0.065
0,GasterBlaster,3,323.5,308.5,323.5,308.5,260,1,0.065
0.045,GasterBlaster,3,323.5,308.5,323.5,308.5,90,1,0.065
0,GasterBlaster,3,323.5,308.5,323.5,308.5,270,1,0.065
0.045,GasterBlaster,3,323.5,308.5,323.5,308.5,100,1,0.065
0,GasterBlaster,3,323.5,308.5,323.5,308.5,280,1,0.065
0.045,GasterBlaster,3,323.5,308.5,323.5,308.5,110,1,0.065
0,GasterBlaster,3,323.5,308.5,323.5,308.5,290,1,0.065
0.045,GasterBlaster,3,323.5,308.5,323.5,308.5,120,1,0.065
0,GasterBlaster,3,323.5,308.5,323.5,308.5,300,1,0.065
0.045,GasterBlaster,3,323.5,308.5,323.5,308.5,130,1,0.065
0,GasterBlaster,3,323.5,308.5,323.5,308.5,310,1,0.065
0.045,GasterBlaster,3,323.5,308.5,323.5,308.5,140,1,0.065
0,GasterBlaster,3,323.5,308.5,323.5,308.5,320,1,0.065
0.045,GasterBlaster,3,323.5,308.5,323.5,308.5,150,1,0.065
0,GasterBlaster,3,323.5,308.5,323.5,308.5,330,1,0.065
0.045,GasterBlaster,3,323.5,308.5,323.5,308.5,160,1,0.065
0,GasterBlaster,3,323.5,308.5,323.5,308.5,340,1,0.065
0.045,GasterBlaster,3,323.5,308.5,323.5,308.5,170,1,0.065
0,GasterBlaster,3,323.5,308.5,323.5,308.5,350,1,0.065
0.045,GasterBlaster,3,323.5,308.5,323.5,308.5,180,1,0.065
0,GasterBlaster,3,323.5,308.5,323.5,308.5,0,1,0.065
0.045,GasterBlaster,3,323.5,308.5,323.5,308.5,190,1,0.065
0,GasterBlaster,3,323.5,308.5,323.5,308.5,10,1,0.065
0.045,GasterBlaster,3,323.5,308.5,323.5,308.5,200,1,0.065
0,GasterBlaster,3,323.5,308.5,323.5,308.5,20,1,0.065
0.045,GasterBlaster,3,323.5,308.5,323.5,308.5,210,1,0.065
0,GasterBlaster,3,323.5,308.5,323.5,308.5,30,1,0.065
0.045,GasterBlaster,3,323.5,308.5,323.5,308.5,220,1,0.065
0,GasterBlaster,3,323.5,308.5,323.5,308.5,40,1,0.065
0.045,GasterBlaster,3,323.5,308.5,323.5,308.5,230,1,0.065
0,GasterBlaster,3,323.5,308.5,323.5,308.5,50,1,0.065
0.045,GasterBlaster,3,323.5,308.5,323.5,308.5,240,1,0.065
0,GasterBlaster,3,323.5,308.5,323.5,308.5,60,1,0.065
0.045,GasterBlaster,3,323.5,308.5,323.5,308.5,250,1,0.065
0,GasterBlaster,3,323.5,308.5,323.5,308.5,70,1,0.065
0.045,GasterBlaster,3,323.5,308.5,323.5,308.5,260,1,0.065
0,GasterBlaster,3,323.5,308.5,323.5,308.5,80,1,0.065
0.045,GasterBlaster,3,323.5,308.5,323.5,308.5,270,1,0.065
0,GasterBlaster,3,323.5,308.5,323.5,308.5,90,1,0.065
0.045,GasterBlaster,3,323.5,308.5,323.5,308.5,280,1,0.065
0,GasterBlaster,3,323.5,308.5,323.5,308.5,100,1,0.065
0.045,GasterBlaster,3,323.5,308.5,323.5,308.5,290,1,0.065
0,GasterBlaster,3,323.5,308.5,323.5,308.5,110,1,0.065
0.045,GasterBlaster,3,323.5,308.5,323.5,308.5,300,1,0.065
0,GasterBlaster,3,323.5,308.5,323.5,308.5,120,1,0.065
0.045,GasterBlaster,3,323.5,308.5,323.5,308.5,310,1,0.065
0,GasterBlaster,3,323.5,308.5,323.5,308.5,130,1,0.065
0.045,GasterBlaster,3,323.5,308.5,323.5,308.5,320,1,0.065
0,GasterBlaster,3,323.5,308.5,323.5,308.5,140,1,0.065
0.045,GasterBlaster,3,323.5,308.5,323.5,308.5,330,1,0.065
0,GasterBlaster,3,323.5,308.5,323.5,308.5,150,1,0.065
0.045,GasterBlaster,3,323.5,308.5,323.5,308.5,340,1,0.065
0,GasterBlaster,3,323.5,308.5,323.5,308.5,160,1,0.065
0.045,GasterBlaster,3,323.5,308.5,323.5,308.5,350,1,0.065
0,GasterBlaster,3,323.5,308.5,323.5,308.5,170,1,0.065
,,,,,,,,,
0.045,GasterBlaster,3,323.5,308.5,323.5,308.5,0,1,0.065
0,GasterBlaster,3,323.5,308.5,323.5,308.5,180,1,0.065
0.045,GasterBlaster,3,323.5,308.5,323.5,308.5,10,1,0.065
0,GasterBlaster,3,323.5,308.5,323.5,308.5,190,1,0.065
0.045,GasterBlaster,3,323.5,308.5,323.5,308.5,20,1,0.065
0,GasterBlaster,3,323.5,308.5,323.5,308.5,200,1,0.065
0.045,GasterBlaster,3,323.5,308.5,323.5,308.5,30,1,0.065
0,GasterBlaster,3,323.5,308.5,323.5,308.5,210,1,0.065
0.045,GasterBlaster,3,323.5,308.5,323.5,308.5,40,1,0.065
0,GasterBlaster,3,323.5,308.5,323.5,308.5,220,1,0.065
0.045,GasterBlaster,3,323.5,308.5,323.5,308.5,50,1,0.065
0,GasterBlaster,3,323.5,308.5,323.5,308.5,230,1,0.065
0.045,GasterBlaster,3,323.5,308.5,323.5,308.5,60,1,0.065
0,GasterBlaster,3,323.5,308.5,323.5,308.5,240,1,0.065
0.045,GasterBlaster,3,323.5,308.5,323.5,308.5,70,1,0.065
0,GasterBlaster,3,323.5,308.5,323.5,308.5,250,1,0.065
0.045,GasterBlaster,3,323.5,308.5,323.5,308.5,80,1,0.065
0,GasterBlaster,3,323.5,308.5,323.5,308.5,260,1,0.065
0.045,GasterBlaster,3,323.5,308.5,323.5,308.5,90,1,0.065
0,GasterBlaster,3,323.5,308.5,323.5,308.5,270,1,0.065
0.045,GasterBlaster,3,323.5,308.5,323.5,308.5,100,1,0.065
0,GasterBlaster,3,323.5,308.5,323.5,308.5,280,1,0.065
0.045,GasterBlaster,3,323.5,308.5,323.5,308.5,110,1,0.065
0,GasterBlaster,3,323.5,308.5,323.5,308.5,290,1,0.065
0.045,GasterBlaster,3,323.5,308.5,323.5,308.5,120,1,0.065
0,GasterBlaster,3,323.5,308.5,323.5,308.5,300,1,0.065
0.045,GasterBlaster,3,323.5,308.5,323.5,308.5,130,1,0.065
0,GasterBlaster,3,323.5,308.5,323.5,308.5,310,1,0.065
0.045,GasterBlaster,3,323.5,308.5,323.5,308.5,140,1,0.065
0,GasterBlaster,3,323.5,308.5,323.5,308.5,320,1,0.065
0.045,GasterBlaster,3,323.5,308.5,323.5,308.5,150,1,0.065
0,GasterBlaster,3,323.5,308.5,323.5,308.5,330,1,0.065
0.045,GasterBlaster,3,323.5,308.5,323.5,308.5,160,1,0.065
0,GasterBlaster,3,323.5,308.5,323.5,308.5,340,1,0.065
0.045,GasterBlaster,3,323.5,308.5,323.5,308.5,170,1,0.065
0,GasterBlaster,3,323.5,308.5,323.5,308.5,350,1,0.065
0.045,GasterBlaster,3,323.5,308.5,323.5,308.5,180,1,0.065
0,GasterBlaster,3,323.5,308.5,323.5,308.5,0,1,0.065
0.045,GasterBlaster,3,323.5,308.5,323.5,308.5,190,1,0.065
0,GasterBlaster,3,323.5,308.5,323.5,308.5,10,1,0.065
0.045,GasterBlaster,3,323.5,308.5,323.5,308.5,200,1,0.065
0,GasterBlaster,3,323.5,308.5,323.5,308.5,20,1,0.065
0.045,GasterBlaster,3,323.5,308.5,323.5,308.5,210,1,0.065
0,GasterBlaster,3,323.5,308.5,323.5,308.5,30,1,0.065
0.045,GasterBlaster,3,323.5,308.5,323.5,308.5,220,1,0.065
0,GasterBlaster,3,323.5,308.5,323.5,308.5,40,1,0.065
0.045,GasterBlaster,3,323.5,308.5,323.5,308.5,230,1,0.065
0,GasterBlaster,3,323.5,308.5,323.5,308.5,50,1,0.065
0.045,GasterBlaster,3,323.5,308.5,323.5,308.5,240,1,0.065
0,GasterBlaster,3,323.5,308.5,323.5,308.5,60,1,0.065
0.045,GasterBlaster,3,323.5,308.5,323.5,308.5,250,1,0.065
0,GasterBlaster,3,323.5,308.5,323.5,308.5,70,1,0.065
0.045,GasterBlaster,3,323.5,308.5,323.5,308.5,260,1,0.065
0,GasterBlaster,3,323.5,308.5,323.5,308.5,80,1,0.065
0.045,GasterBlaster,3,323.5,308.5,323.5,308.5,270,1,0.065
0,GasterBlaster,3,323.5,308.5,323.5,308.5,90,1,0.065
0.045,GasterBlaster,3,323.5,308.5,323.5,308.5,280,1,0.065
0,GasterBlaster,3,323.5,308.5,323.5,308.5,100,1,0.065
0.045,GasterBlaster,3,323.5,308.5,323.5,308.5,290,1,0.065
0,GasterBlaster,3,323.5,308.5,323.5,308.5,110,1,0.065
0.045,GasterBlaster,3,323.5,308.5,323.5,308.5,300,1,0.065
0,GasterBlaster,3,323.5,308.5,323.5,308.5,120,1,0.065
0.045,GasterBlaster,3,323.5,308.5,323.5,308.5,310,1,0.065
0,GasterBlaster,3,323.5,308.5,323.5,308.5,130,1,0.065
0.045,GasterBlaster,3,323.5,308.5,323.5,308.5,320,1,0.065
0,GasterBlaster,3,323.5,308.5,323.5,308.5,140,1,0.065
0.045,GasterBlaster,3,323.5,308.5,323.5,308.5,330,1,0.065
0,GasterBlaster,3,323.5,308.5,323.5,308.5,150,1,0.065
0.045,GasterBlaster,3,323.5,308.5,323.5,308.5,340,1,0.065
0,GasterBlaster,3,323.5,308.5,323.5,308.5,160,1,0.065
0.045,GasterBlaster,3,323.5,308.5,323.5,308.5,350,1,0.065
0,GasterBlaster,3,323.5,308.5,323.5,308.5,170,1,0.065
,,,,,,,,,
0.045,GasterBlaster,3,323.5,308.5,323.5,308.5,0,1,0.065
0,GasterBlaster,3,323.5,308.5,323.5,308.5,180,1,0.065
0.045,GasterBlaster,3,323.5,308.5,323.5,308.5,10,1,0.065
0,GasterBlaster,3,323.5,308.5,323.5,308.5,190,1,0.065
0.045,GasterBlaster,3,323.5,308.5,323.5,308.5,20,1,0.065
0,GasterBlaster,3,323.5,308.5,323.5,308.5,200,1,0.065
0.045,GasterBlaster,3,323.5,308.5,323.5,308.5,30,1,0.065
0,GasterBlaster,3,323.5,308.5,323.5,308.5,210,1,0.065
0.045,GasterBlaster,3,323.5,308.5,323.5,308.5,40,1,0.065
0,GasterBlaster,3,323.5,308.5,323.5,308.5,220,1,0.065
0.045,GasterBlaster,3,323.5,308.5,323.5,308.5,50,1,0.065
0,GasterBlaster,3,323.5,308.5,323.5,308.5,230,1,0.065
0.045,GasterBlaster,3,323.5,308.5,323.5,308.5,60,1,0.065
0,GasterBlaster,3,323.5,308.5,323.5,308.5,240,1,0.065
0.045,GasterBlaster,3,323.5,308.5,323.5,308.5,70,1,0.065
0,GasterBlaster,3,323.5,308.5,323.5,308.5,250,1,0.065
0.045,GasterBlaster,3,323.5,308.5,323.5,308.5,80,1,0.065
0,GasterBlaster,3,323.5,308.5,323.5,308.5,260,1,0.065
0.045,GasterBlaster,3,323.5,308.5,323.5,308.5,90,1,0.065
0,GasterBlaster,3,323.5,308.5,323.5,308.5,270,1,0.065
0.045,GasterBlaster,3,323.5,308.5,323.5,308.5,100,1,0.065
0,GasterBlaster,3,323.5,308.5,323.5,308.5,280,1,0.065
0.045,GasterBlaster,3,323.5,308.5,323.5,308.5,110,1,0.065
0,GasterBlaster,3,323.5,308.5,323.5,308.5,290,1,0.065
0.045,GasterBlaster,3,323.5,308.5,323.5,308.5,120,1,0.065
0,GasterBlaster,3,323.5,308.5,323.5,308.5,300,1,0.065
0.045,GasterBlaster,3,323.5,308.5,323.5,308.5,130,1,0.065
0,GasterBlaster,3,323.5,308.5,323.5,308.5,310,1,0.065
0.045,GasterBlaster,3,323.5,308.5,323.5,308.5,140,1,0.065
0,GasterBlaster,3,323.5,308.5,323.5,308.5,320,1,0.065
0.045,GasterBlaster,3,323.5,308.5,323.5,308.5,150,1,0.065
0,GasterBlaster,3,323.5,308.5,323.5,308.5,330,1,0.065
0.045,GasterBlaster,3,323.5,308.5,323.5,308.5,160,1,0.065
0,GasterBlaster,3,323.5,308.5,323.5,308.5,340,1,0.065
0.045,GasterBlaster,3,323.5,308.5,323.5,308.5,170,1,0.065
0,GasterBlaster,3,323.5,308.5,323.5,308.5,350,1,0.065
0.045,GasterBlaster,3,323.5,308.5,323.5,308.5,180,1,0.065
0,GasterBlaster,3,323.5,308.5,323.5,308.5,0,1,0.065
0.045,GasterBlaster,3,323.5,308.5,323.5,308.5,190,1,0.065
0,GasterBlaster,3,323.5,308.5,323.5,308.5,10,1,0.065
0.045,GasterBlaster,3,323.5,308.5,323.5,308.5,200,1,0.065
0,GasterBlaster,3,323.5,308.5,323.5,308.5,20,1,0.065
0.045,GasterBlaster,3,323.5,308.5,323.5,308.5,210,1,0.065
0,GasterBlaster,3,323.5,308.5,323.5,308.5,30,1,0.065
0.045,GasterBlaster,3,323.5,308.5,323.5,308.5,220,1,0.065
0,GasterBlaster,3,323.5,308.5,323.5,308.5,40,1,0.065
0.045,GasterBlaster,3,323.5,308.5,323.5,308.5,230,1,0.065
0,GasterBlaster,3,323.5,308.5,323.5,308.5,50,1,0.065
0.045,GasterBlaster,3,323.5,308.5,323.5,308.5,240,1,0.065
0,GasterBlaster,3,323.5,308.5,323.5,308.5,60,1,0.065
0.045,GasterBlaster,3,323.5,308.5,323.5,308.5,250,1,0.065
0,GasterBlaster,3,323.5,308.5,323.5,308.5,70,1,0.065
0.045,GasterBlaster,3,323.5,308.5,323.5,308.5,260,1,0.065
0,GasterBlaster,3,323.5,308.5,323.5,308.5,80,1,0.065
0.045,GasterBlaster,3,323.5,308.5,323.5,308.5,270,1,0.065
0,GasterBlaster,3,323.5,308.5,323.5,308.5,90,1,0.065
0.045,GasterBlaster,3,323.5,308.5,323.5,308.5,280,1,0.065
0,GasterBlaster,3,323.5,308.5,323.5,308.5,100,1,0.065
0.045,GasterBlaster,3,323.5,308.5,323.5,308.5,290,1,0.065
0,GasterBlaster,3,323.5,308.5,323.5,308.5,110,1,0.065
0.045,GasterBlaster,3,323.5,308.5,323.5,308.5,300,1,0.065
0,GasterBlaster,3,323.5,308.5,323.5,308.5,120,1,0.065
0.045,GasterBlaster,3,323.5,308.5,323.5,308.5,310,1,0.065
0,GasterBlaster,3,323.5,308.5,323.5,308.5,130,1,0.065
0.045,GasterBlaster,3,323.5,308.5,323.5,308.5,320,1,0.065
0,GasterBlaster,3,323.5,308.5,323.5,308.5,140,1,0.065
0.045,GasterBlaster,3,323.5,308.5,323.5,308.5,330,1,0.065
0,GasterBlaster,3,323.5,308.5,323.5,308.5,150,1,0.065
0.045,GasterBlaster,3,323.5,308.5,323.5,308.5,340,1,0.065
0,GasterBlaster,3,323.5,308.5,323.5,308.5,160,1,0.065
0.045,GasterBlaster,3,323.5,308.5,323.5,308.5,350,1,0.065
0,GasterBlaster,3,323.5,308.5,323.5,308.5,170,1,0.065
,,,,,,,,,
1.3,CombatZoneResize,-20,226,667,391,TLResume,,,
0.75,GetHeartpos,HeartX,HeartY,,,,,,
0,GasterBlaster,1,0,0,$HeartX,176,90,0.2,0.2
0.75,GetHeartpos,HeartX,HeartY,,,,,,
0,GasterBlaster,1,0,0,$HeartX,441,270,0.2,0.2
0.75,GetHeartpos,HeartX,HeartY,,,,,,
0,GasterBlaster,1,0,0,$HeartX,176,90,0.2,0.2
0.75,GetHeartpos,HeartX,HeartY,,,,,,
0,GasterBlaster,1,0,0,$HeartX,441,270,0.2,0.2
0.75,GetHeartpos,HeartX,HeartY,,,,,,
0,GasterBlaster,1,0,0,$HeartX,176,90,0.2,0.2
0.75,GetHeartpos,HeartX,HeartY,,,,,,
0,GasterBlaster,1,0,0,$HeartX,441,270,0.2,0.2
0.75,GetHeartpos,HeartX,HeartY,,,,,,
0,GasterBlaster,1,0,0,$HeartX,176,90,0.2,0.2
0.75,GetHeartpos,HeartX,HeartY,,,,,,
0,GasterBlaster,1,0,0,$HeartX,441,270,0.2,0.2
,,,,,,,,,
0.75,GetHeartpos,HeartX,HeartY,,,,,,
0,GasterBlaster,1,0,0,$HeartX,176,90,0.2,0.2
0.75,GetHeartpos,HeartX,HeartY,,,,,,
0,GasterBlaster,1,0,0,$HeartX,441,270,0.2,0.2
,,,,,,,,,
0.75,GetHeartpos,HeartX,HeartY,,,,,,
0,GasterBlaster,1,0,0,$HeartX,176,90,0.2,0.2
0.75,GetHeartpos,HeartX,HeartY,,,,,,
0,GasterBlaster,1,0,0,$HeartX,441,270,0.2,0.2
0.75,GetHeartpos,HeartX,HeartY,,,,,,
0,GasterBlaster,1,0,0,$HeartX,176,90,0.2,0.2
0.75,GetHeartpos,HeartX,HeartY,,,,,,
0,GasterBlaster,1,0,0,$HeartX,441,270,0.2,0.2
0.75,GetHeartpos,HeartX,HeartY,,,,,,
0,GasterBlaster,1,0,0,$HeartX,176,90,0.2,0.2
0.75,GetHeartpos,HeartX,HeartY,,,,,,
0,GasterBlaster,1,0,0,$HeartX,441,270,0.2,0.2
0.75,GetHeartpos,HeartX,HeartY,,,,,,
0,GasterBlaster,1,0,0,$HeartX,176,90,0.2,0.2
0.75,GetHeartpos,HeartX,HeartY,,,,,,
0,GasterBlaster,1,0,0,$HeartX,441,270,0.2,0.2
0.75,GetHeartpos,HeartX,HeartY,,,,,,
0,GasterBlaster,1,0,0,$HeartX,176,90,0.2,0.2
0.75,GetHeartpos,HeartX,HeartY,,,,,,
0,GasterBlaster,1,0,0,$HeartX,441,270,0.2,0.2
0.75,GetHeartpos,HeartX,HeartY,,,,,,
0,GasterBlaster,1,0,0,$HeartX,176,90,0.2,0.2
0.75,GetHeartpos,HeartX,HeartY,,,,,,
0,GasterBlaster,1,0,0,$HeartX,441,270,0.2,0.2
0.5,GetHeartpos,HeartX,HeartY,,,,,,
0,GasterBlaster,1,0,0,$HeartX,176,90,0.1,0.1
0.5,GetHeartpos,HeartX,HeartY,,,,,,
0,GasterBlaster,1,0,0,$HeartX,441,270,0.1,0.1
0.5,GetHeartpos,HeartX,HeartY,,,,,,
0,GasterBlaster,1,0,0,$HeartX,176,90,0.1,0.1
0.5,GetHeartpos,HeartX,HeartY,,,,,,
0,GasterBlaster,1,0,0,$HeartX,441,270,0.1,0.1
0.5,GetHeartpos,HeartX,HeartY,,,,,,
0,GasterBlaster,1,0,0,$HeartX,176,90,0.1,0.1
0.5,GetHeartpos,HeartX,HeartY,,,,,,
0,GasterBlaster,1,0,0,$HeartX,441,270,0.1,0.1
0.5,GetHeartpos,HeartX,HeartY,,,,,,
0,GasterBlaster,1,0,0,$HeartX,176,90,0.1,0.1
0.5,GetHeartpos,HeartX,HeartY,,,,,,
0,GasterBlaster,1,0,0,$HeartX,441,270,0.1,0.1
0.5,GetHeartpos,HeartX,HeartY,,,,,,
0,GasterBlaster,1,0,0,$HeartX,176,90,0.1,0.1
0.5,GetHeartpos,HeartX,HeartY,,,,,,
0,GasterBlaster,1,0,0,$HeartX,441,270,0.1,0.1
0.5,GetHeartpos,HeartX,HeartY,,,,,,
0,GasterBlaster,1,0,0,$HeartX,176,90,0.1,0.1
0.5,GetHeartpos,HeartX,HeartY,,,,,,
0,GasterBlaster,1,0,0,$HeartX,441,270,0.1,0.1
0.5,GetHeartpos,HeartX,HeartY,,,,,,
0,GasterBlaster,1,0,0,$HeartX,176,90,0.1,0.1
0.5,GetHeartpos,HeartX,HeartY,,,,,,
0,GasterBlaster,1,0,0,$HeartX,441,270,0.1,0.1
0.5,GetHeartpos,HeartX,HeartY,,,,,,
0,GasterBlaster,1,0,0,$HeartX,176,90,0.1,0.1
0.5,GetHeartpos,HeartX,HeartY,,,,,,
0,GasterBlaster,1,0,0,$HeartX,441,270,0.1,0.1
0.5,GetHeartpos,HeartX,HeartY,,,,,,
0,GasterBlaster,1,0,0,$HeartX,176,90,0.1,0.1
0.5,GetHeartpos,HeartX,HeartY,,,,,,
0,GasterBlaster,1,0,0,$HeartX,441,270,0.1,0.1
0.5,GetHeartpos,HeartX,HeartY,,,,,,
0,GasterBlaster,1,0,0,$HeartX,176,90,0.1,0.1
0.5,GetHeartpos,HeartX,HeartY,,,,,,
0,GasterBlaster,1,0,0,$HeartX,441,270,0.1,0.1
1,CombatZoneResize,241,226,406,391,TLResume,,,
0.5,SansHead,BlueEye,,,,,,,
0,sanstorso,shrug,,,,,,,
0.5,RND,NO,4,,,,,,
0,RND,time,0.2,,,,,,
0,ADD,time,$time,0.2,,,,,
0,SansSlam,$NO,,,,,,,
$time,RND,NO,4,,,,,,
0,RND,time,0.2,,,,,,
0,ADD,time,$time,0.2,,,,,
0,SansSlam,$NO,,,,,,,
$time,RND,NO,4,,,,,,
0,RND,time,0.2,,,,,,
0,ADD,time,$time,0.2,,,,,
0,SansSlam,$NO,,,,,,,
$time,RND,NO,4,,,,,,
0,RND,time,0.2,,,,,,
0,ADD,time,$time,0.2,,,,,
0,SansSlam,$NO,,,,,,,
$time,RND,NO,4,,,,,,
0,RND,time,0.2,,,,,,
0,ADD,time,$time,0.2,,,,,
0,SansSlam,$NO,,,,,,,
$time,RND,NO,4,,,,,,
0,RND,time,0.2,,,,,,
0,ADD,time,$time,0.2,,,,,
0,SansSlam,$NO,,,,,,,
$time,RND,NO,4,,,,,,
0,RND,time,0.2,,,,,,
0,ADD,time,$time,0.2,,,,,
0,SansSlam,$NO,,,,,,,
$time,RND,NO,4,,,,,,
0,RND,time,0.2,,,,,,
0,ADD,time,$time,0.2,,,,,
0,SansSlam,$NO,,,,,,,
$time,RND,NO,4,,,,,,
0,RND,time,0.2,,,,,,
0,ADD,time,$time,0.2,,,,,
0,SansSlam,$NO,,,,,,,
$time,RND,NO,4,,,,,,
0,RND,time,0.2,,,,,,
0,ADD,time,$time,0.2,,,,,
0,SansSlam,$NO,,,,,,,
$time,RND,NO,4,,,,,,
0,RND,time,0.2,,,,,,
0,ADD,time,$time,0.2,,,,,
0,SansSlam,$NO,,,,,,,
0,SansHead,tired2,,,,,,,
0,sanssweat,1,,,,,,,
$time,RND,NO,4,,,,,,
0,RND,time,0.2,,,,,,
0,ADD,time,$time,0.2,,,,,
0,SansSlam,$NO,,,,,,,
$time,RND,NO,4,,,,,,
0,RND,time,0.2,,,,,,
0,ADD,time,$time,0.2,,,,,
0,SansSlam,$NO,,,,,,,
$time,RND,NO,4,,,,,,
0,RND,time,0.2,,,,,,
0,ADD,time,$time,0.2,,,,,
0,SansSlam,$NO,,,,,,,
$time,RND,NO,4,,,,,,
0,RND,time,0.2,,,,,,
0,ADD,time,$time,0.2,,,,,
0,SansSlam,$NO,,,,,,,
0,sanssweat,2,,,,,,,
$time,RND,NO,4,,,,,,
0,RND,time,0.2,,,,,,
0,ADD,time,$time,0.35,,,,,
0,SansSlam,$NO,,,,,,,
$time,RND,NO,4,,,,,,
0,RND,time,0.2,,,,,,
0,ADD,time,$time,0.35,,,,,
0,SansSlam,$NO,,,,,,,
$time,RND,NO,4,,,,,,
0,RND,time,0.2,,,,,,
0,ADD,time,$time,0.35,,,,,
0,SansSlam,$NO,,,,,,,
$time,RND,NO,4,,,,,,
0,RND,time,0.2,,,,,,
0,ADD,time,$time,0.35,,,,,
0,SansSlam,$NO,,,,,,,
$time,RND,NO,3,,,,,,
0,RND,time,0.2,,,,,,
0,ADD,time,$time,0.35,,,,,
0,SansSlam,$NO,,,,,,,
$time,SansSlam,3,,,,,,,
0,Sanssweat,3,,,,,,,
0,HeartMaxFallSpeed,150,,,,,,,
0.75,SansSlam,3,,,,,,,
0,HeartMaxFallSpeed,78,,,,,,,
2,SansAnimation,tired,,,,,,,
,,,,,,,,,
,,,,,,,,,
,,,,,,,,,
,,,,,,,,,
,,,,,,,,,
,,,,,,,,,
,,,,,,,,,
,,,,,,,,,
,,,,,,,,,
,,,,,,,,,
1.5,SansHead,ClosedEyes,,,,,,,
1,SansText,Fuck you.,,,,,,,
0,HeartTeleport,320,354,,,,,,
0,BoneStab,1,1000,0.1,100,,,,
