0,Sound,mus_zz_megalovania,20,,,,,,
0,BlackScreen,1,,,,,,,
0,Sound,Flash,,,,,,,
0,SansRepeat,,,,,,,,
0.4,BlackScreen,0,,,,,,,
0,SansHead,noeyes,,,,,,,
0,Sound,Flash,,,,,,,
0,CombatZoneResizeinstant,-20,-20,660,391,,,,
0,SansEndRepeat,,,,,,,,
0,HeartTelePort,640,201,,,,,,
0,HeartMode,1,,,,,,,
0,BoneHRepeat,670,291,120,2,100,200,125,
0,BoneHRepeat,-150,306,120,0,100,200,125,
0,BoneHRepeat,670,321,120,2,100,200,125,
0,BoneHRepeat,-150,336,120,0,100,200,125,
0,BoneHRepeat,670,351,120,2,100,200,125,
0,BoneHRepeat,-150,366,120,0,100,200,125,
0,BoneHRepeat,670,381,120,2,100,200,125,
0,Platform,670,231,50,2,180,,,
1.5,Platform,670,221,50,2,180,,,
1.5,Platform,670,211,50,2,180,,,
1.5,Platform,670,201,50,2,180,,,
1.5,Platform,670,191,50,2,180,,,
2.25,Platform,670,231,50,2,180,,,
1.5,Platform,670,211,50,2,180,,,
1.5,Platform,670,201,50,2,180,,,
1.5,Platform,670,191,50,2,180,,,
2.25,Platform,670,231,50,2,180,,,
1.5,Platform,670,191,80,2,180,,,
3,Platform,670,231,80,2,180,,,
2,Platform,670,231,80,2,180,,,
2,Platform,670,231,80,2,180,,,
2,Platform,670,231,30,2,180,,,
1.5,Platform,670,231,30,2,180,,,
1.5,Platform,670,231,30,2,180,,,
1.5,Platform,670,231,30,2,180,,,
2,Platform,-200,231,50,0,180,,,
1.5,Platform,-200,201,50,0,180,,,
1.5,Platform,-200,201,50,0,180,,,
2,PlatformRepeat,-110,231,100,0,180,7,311,
0,PlatformRepeat,670,231,100,2,180,10,311,
18,Platform,-200,201,50,0,180,,,
1.5,Platform,-200,201,50,0,180,,,
1.5,Platform,-200,201,50,0,180,,,
1.5,Platform,-200,201,50,0,180,,,
2,Platform,-1100,256,1000,0,150,,,
1,GetHeartpos,HeartX,HeartY,,,,,,
0,BoneV,$HeartX,670,30,3,200,,,
0,BoneV,$HeartX,-40,30,1,200,,,
1,GetHeartpos,HeartX,HeartY,,,,,,
0,BoneV,$HeartX,670,30,3,200,,,
0,BoneV,$HeartX,-40,30,1,200,,,
1,GetHeartpos,HeartX,HeartY,,,,,,
0,BoneV,$HeartX,670,30,3,200,,,
0,BoneV,$HeartX,-40,30,1,200,,,
1,GetHeartpos,HeartX,HeartY,,,,,,
0,BoneV,$HeartX,670,30,3,200,,,
0,BoneV,$HeartX,-40,30,1,200,,,
1,GetHeartpos,HeartX,HeartY,,,,,,
0,BoneV,$HeartX,670,30,3,200,,,
0,BoneV,$HeartX,-40,30,1,200,,,
1,GetHeartpos,HeartX,HeartY,,,,,,
0,BoneV,$HeartX,670,30,3,200,,,
0,BoneV,$HeartX,-40,30,1,200,,,
0,Platform,-110,236,60,0,180,,,
1,GetHeartpos,HeartX,HeartY,,,,,,
0,BoneV,$HeartX,670,30,3,200,,,
0,BoneV,$HeartX,-40,30,1,200,,,
0.5,Platform,-110,226,60,0,180,,,
0.5,GetHeartpos,HeartX,HeartY,,,,,,
0,BoneV,$HeartX,670,30,3,200,,,
0,BoneV,$HeartX,-40,30,1,200,,,
1,Platform,-110,216,60,0,180,,,
1.5,Platform,-110,226,60,0,180,,,
1.5,Platform,-110,236,60,0,180,,,
1.6,Platform,-110,236,58,0,180,,,
1.6,Platform,-110,236,58,0,180,,,
1.4,Platform,-110,206,58,0,180,,,
2,Platform,-110,236,58,0,180,,,
1,Platform,670,236,100,2,180,,,
2,Platform,670,236,58,2,180,,,
1.5,Platform,670,236,58,2,180,,,
1.4,Platform,670,206,58,2,180,,,
1.6,Platform,670,236,58,2,180,,,
2.5,BlackScreen,1,,,,,,,
0,Sound,Flash,,,,,,,
0,CombatZoneResizeinstant,241,226,406,391,,,,
0,HeartTeleport,320,304,,,,,,
0,HeartMode,0,,,,,,,
0.2,BlackScreen,0,,,,,,,
0,Sound,Flash,,,,,,,
0,GasterBlaster,1,323.5,176,323.5,176,90,0.3,1
