0,Sound,mus_zz_megalovania,20,,,
0,BlackScreen,1,,,,
0,Sound,Flash,,,,
0,SansRepeat,,,,,
0.4,BlackScreen,0,,,,
0,Sound,Flash,,,,
0,CombatZoneResizeinstant,-20,226,660,391,
0,SansEndRepeat,,,,,
0,HeartTelePort,20,331,,,
0,HeartMode,1,,,,
0,Platform,20,341,80,2,100
0,BoneStab,1,30,0,100,
0,Platform,200,331,50,2,200
0,Platform,400,301,50,2,200
0,Platform,460,301,30,2,150
0,Platform,520,301,30,2,150
0,Platform,580,301,30,2,150
0,Platform,640,301,30,2,150
0,Platform,670,351,40,2,150
1,Platform,670,266,30,2,150
1.2,Platform,670,306,30,2,150
0.3,Platform,670,316,30,2,150
0.3,Platform,670,326,30,2,150
1.5,BoneH,670,316,35,2,300
0,Platform,670,286,50,2,200
0.8,Platform,670,266,500,2,150
0,Platform,670,306,500,2,150
0,Platform,670,346,500,2,150
1,BoneV,670,231,70,2,150
2,BoneV,670,291,70,2,150
1.35,Platform,670,321,45,2,150
0.5,Platform,670,291,45,2,150
1,Platform,670,286,45,2,150
1,Platform,670,356,45,2,150
0.5,BoneV,670,231,40,2,150
0,BoneV,670,291,120,2,150
0.5,Platform,670,356,45,2,150
1,Platform,670,326,45,2,150
1,Platform,670,296,45,2,150
1,Platform,670,266,45,2,150
3,Platform,241,346,165,,
0,Sound,Ding,,,,
0,CombatZoneResize,241,226,406,391,TLResume
0.5,BoneV,251,176,50,1,111
0.2,BoneV,266,176,50,1,111
0.2,BoneV,281,176,50,1,111
0.2,BoneV,296,176,50,1,111
0.2,BoneV,311,176,50,1,111
0.2,BoneV,326,176,50,1,111
0.2,BoneV,341,176,50,1,111
0.2,BoneV,356,176,50,1,111
0.8,BoneV,396,176,50,1,111
0.2,BoneV,381,176,50,1,111
0.2,BoneV,366,176,50,1,111
0.2,BoneV,351,176,50,1,111
0.2,BoneV,336,176,50,1,111
0.2,BoneV,321,176,50,1,111
0.2,BoneV,306,176,50,1,111
0.2,BoneV,291,176,50,1,111
,,,,,,
0.8,BoneV,251,176,50,1,111
0,BoneV,396,176,50,1,111
0.2,BoneV,266,176,50,1,111
0,BoneV,381,176,50,1,111
0.2,BoneV,281,176,50,1,111
0,BoneV,366,176,50,1,111
0.2,BoneV,296,176,50,1,111
0,BoneV,351,176,50,1,111
2,BlackScreen,1,,,,
0,Sound,Flash,,,,
0.2,BlackScreen,0,,,,
0,Sound,Flash,,,,
0,CombatZoneResizeinstant,-20,226,660,391,
0,BoneStab,1,30,0,100,
0,Platform,460,301,50,2,150
0,HeartTeleport,480,291,,,
0.8,Platform,670,331,35,2,150
0.6,Platform,670,341,35,2,150
0.6,Platform,670,351,35,2,150
0.1,BoneV,670,231,90,2,150
0.5,Platform,670,341,35,2,150
0.6,Platform,670,331,35,2,150
0.6,Platform,670,321,35,2,150
1.2,Platform,670,311,40,2,150
1.2,Platform,670,311,40,2,150
1.2,Platform,670,311,40,2,150
2.2,Platform,670,341,40,2,170
0.75,Platform,670,321,10,2,100
2.22,Platform,670,326,35,2,150
1.11,Platform,670,306,50,2,149
0.8,Platform,670,306,50,2,150
1.5,Platform,670,331,50,2,150
1.5,Platform,670,326,222,2,150
0.5,BoneV,670,231,60,2,150
0.5,BoneV,670,281,60,2,150
3,Platform,670,336,35,2,150
1,Platform,670,316,35,2,400
1,Platform,670,296,35,2,400
3,Platform,298.5,331,50,,
0,Sound,Ding,,,,
