0,Sound,mus_zz_megalovania,20,,,,
0,BlackScreen,1,,,,,
0,Sound,Flash,,,,,
0,SansRepeat,,,,,,
0.35,BlackScreen,0,,,,,
0,SansHead,noeyes,,,,,
0,Sound,Flash,,,,,
0,CombatZoneResizeinstant,-20,226,660,391,,
0,SansEndRepeat,,,,,,
0,HeartTelePort,640,301,,,,
0,HeartMode,1,,,,,
0,Platform,670,331,45,2,160,
0,BoneStab,1,30,0,100,,
0.5,Platform,670,331,45,2,160,
0.14,BoneV,670,291,35,2,160,
0.36,Platform,670,331,45,2,160,
0.5,Platform,670,331,45,2,160,
0.14,BoneV,670,291,35,2,160,
0.36,Platform,670,331,45,2,160,
0.5,Platform,670,331,45,2,160,
0.14,BoneV,670,291,35,2,160,
0.36,Platform,670,331,45,2,160,
0.5,Platform,670,331,45,2,160,
0.14,BoneV,670,291,35,2,160,
0.36,Platform,670,331,45,2,160,
1,Platform,670,301,50,2,160,
1,Platform,670,331,50,2,160,
1,Platform,670,301,50,2,160,
1,Platform,670,331,50,2,160,
1,Platform,670,301,50,2,160,
1.4,Platform,670,331,250,2,100,
0,Platform,670,291,250,2,100,
2.5,BoneV,670,231,55,2,300,
0.05,BoneV,670,231,55,2,300,
1,BoneV,670,296,30,2,300,
0.05,BoneV,670,296,30,2,300,
1,BoneV,670,231,55,2,300,
0.05,BoneV,670,231,55,2,300,
1,BoneV,670,296,30,2,300,
0.05,BoneV,670,296,30,2,300,
1,BoneV,670,251,75,2,300,
0.05,BoneV,670,251,75,2,300,
1,Platform,-70,301,50,0,161,
1.11,Platform,670,331,45,2,160,
1.11,Platform,670,301,45,2,160,
1.3,Platform,670,331,45,2,160,
1.3,Platform,670,331,45,2,160,
2.6,Platform,330,331,200,2,5,
2,BoneV,670,231,35,2,125,
0,BoneV,670,286,40,2,125,
0.1,BoneV,670,231,35,2,125,
0,BoneV,670,286,40,2,125,
2,BoneV,670,231,35,2,125,
0,BoneV,670,286,40,2,125,
0.1,BoneV,670,231,35,2,125,
0,BoneV,670,286,40,2,125,
2,BoneV,670,231,35,2,125,
0,BoneV,670,286,40,2,125,
0.1,BoneV,670,231,35,2,125,
0,BoneV,670,286,40,2,125,
2,BoneV,670,231,35,2,125,
0,BoneV,670,286,40,2,125,
0.1,BoneV,670,231,35,2,125,
0,BoneV,670,286,40,2,125,
2,BoneV,670,231,35,2,125,
0,BoneV,670,286,40,2,125,
0.1,BoneV,670,231,35,2,125,
0,BoneV,670,286,40,2,125,
2,CombatZoneResize,-20,-20,660,391,TLResume,
2,GetHeartpos,HeartX,HeartY,,,,
0,BoneV,$HeartX,-60,30,1,200,
2,GetHeartpos,HeartX,HeartY,,,,
0,BoneV,$HeartX,-60,30,1,200,
2,GetHeartpos,HeartX,HeartY,,,,
0,BoneV,$HeartX,-60,30,1,200,
2,GetHeartpos,HeartX,HeartY,,,,
0,BoneV,$HeartX,-60,30,1,200,
2,GetHeartpos,HeartX,HeartY,,,,
0,BoneV,$HeartX,-60,30,1,200,
2,GetHeartpos,HeartX,HeartY,,,,
0,BoneV,$HeartX,-60,30,1,200,
2,GetHeartpos,HeartX,HeartY,,,,
0,BoneV,$HeartX,-60,30,1,200,
2,GetHeartpos,HeartX,HeartY,,,,
0,BoneV,$HeartX,-60,30,1,200,
2,GetHeartpos,HeartX,HeartY,,,,
0,BoneV,$HeartX,-60,30,1,200,
2,GetHeartpos,HeartX,HeartY,,,,
0,BoneV,$HeartX,-60,30,1,200,
2,GetHeartpos,HeartX,HeartY,,,,
0,BoneV,$HeartX,-60,30,1,200,
2.3,CombatZoneResize,241,226,406,391,TLResume,
0,Platform,241,346,165,,,
1,BoneV,221,231,155,0,120,1
0.5,BoneV,426,231,155,2,120,1
0.5,BoneV,221,231,155,0,120,1
0.5,BoneV,426,231,155,2,120,1
0.5,BoneV,221,231,155,0,120,1
0.5,BoneV,426,231,155,2,120,1
0.5,BoneV,221,231,155,0,120,1
0.5,BoneV,426,231,155,2,120,1
0.5,BoneV,221,231,155,0,120,1
0.5,BoneV,426,231,155,2,120,1
0.5,BoneV,221,231,155,0,120,1
0.5,BoneV,426,231,155,2,120,1
2,BoneV,241,221,200,,,1
0,BoneV,246,221,200,,,1
0,BoneV,251,221,200,,,1
0,BoneV,256,221,200,,,1
0,BoneV,261,221,200,,,1
0,BoneV,266,221,200,,,1
0,BoneV,271,221,200,,,1
0,BoneV,276,221,200,,,1
0,BoneV,281,221,200,,,1
0,BoneV,286,221,200,,,1
0,BoneV,291,221,200,,,1
0,BoneV,296,221,200,,,1
0,BoneV,301,221,200,,,1
0,BoneV,306,221,200,,,1
0,BoneV,311,221,200,,,1
0,BoneV,316,221,200,,,1
0,BoneV,321,221,200,,,1
0,BoneV,326,221,200,,,1
0,BoneV,331,221,200,,,1
0,BoneV,336,221,200,,,1
0,BoneV,341,221,200,,,1
0,BoneV,346,221,200,,,1
0,BoneV,351,221,200,,,1
0,BoneV,356,221,200,,,1
0,BoneV,361,221,200,,,1
0,BoneV,366,221,200,,,1
0,BoneV,371,221,200,,,1
0,BoneV,376,221,200,,,1
0,BoneV,381,221,200,,,1
0,BoneV,386,221,200,,,1
0,BoneV,391,221,200,,,1
0,BoneV,396,221,200,,,1
0,BoneV,401,221,200,,,1
0,BoneV,406,221,200,,,1
0,BoneV,411,221,200,,,1
0,Sound,Flash,,,,,
