0,CombatZoneResizeinstant,171,246,476,391,,
0,HeartTeleport,320,304,,,,
,,,,,,,
0,HeartMode,1,,,,,
0.5,RND,FUCK1,75,,,,
0,RND,FUCK2,200,,,,
0,RND,FUCK3,155,,,,
0,ADD,FUCK1,$FUCK1,80,,,
0,ADD,FUCK2,$FUCK2,100,,,
0,ADD,FUCK3,$FUCK3,231,,,
0,BoneV,426,$FUCK3,$FUCK1,2,$FUCK2,1
0.3,RND,FUCK1,105,,,,
0,RND,FUCK2,200,,,,
0,RND,FUCK3,155,,,,
0,ADD,FUCK1,$FUCK1,50,,,
0,ADD,FUCK2,$FUCK2,100,,,
0,ADD,FUCK3,$FUCK3,231,,,
0,BoneV,426,$FUCK3,$FUCK1,2,$FUCK2,1
0.3,RND,FUCK1,105,,,,
0,RND,FUCK2,200,,,,
0,RND,FUCK3,155,,,,
0,ADD,FUCK1,$FUCK1,50,,,
0,ADD,FUCK2,$FUCK2,100,,,
0,ADD,FUCK3,$FUCK3,231,,,
0,BoneV,426,$FUCK3,$FUCK1,2,$FUCK2,1
0.3,RND,FUCK1,105,,,,
0,RND,FUCK2,200,,,,
0,RND,FUCK3,155,,,,
0,ADD,FUCK1,$FUCK1,50,,,
0,ADD,FUCK2,$FUCK2,100,,,
0,ADD,FUCK3,$FUCK3,231,,,
0,BoneV,426,$FUCK3,$FUCK1,2,$FUCK2,1
,,,,,,,
,,,,,,,
,,,,,,,
,,,,,,,
,,,,,,,
,,,,,,,
,,,,,,,
100,RND,Direction,50,,,,
0,ADD,Direction,$Direction,331,,,
0,BoneV,143.5,$Direction,150,0,201,
0,BoneV,503.5,$Direction,150,2,201,
0,SUB,Direction,$Direction,170,,,
0,BoneV,143.5,$Direction,150,0,201,
0,BoneV,503.5,$Direction,150,2,201,
1.5,RND,Direction,50,,,,
0,ADD,Direction,$Direction,331,,,
0,BoneV,143.5,$Direction,150,0,201,
0,BoneV,503.5,$Direction,150,2,201,
0,SUB,Direction,$Direction,170,,,
0,BoneV,143.5,$Direction,150,0,201,
0,BoneV,503.5,$Direction,150,2,201,
,,,,,,,
1.5,RND,Direction,50,,,,
0,ADD,Direction,$Direction,331,,,
0,BoneV,143.5,$Direction,150,0,201,
0,BoneV,503.5,$Direction,150,2,201,
0,SUB,Direction,$Direction,170,,,
0,BoneV,143.5,$Direction,150,0,201,
0,BoneV,503.5,$Direction,150,2,201,
,,,,,,,
1.5,RND,Direction,50,,,,
0,ADD,Direction,$Direction,331,,,
0,BoneV,143.5,$Direction,150,0,201,
0,BoneV,503.5,$Direction,150,2,201,
0,SUB,Direction,$Direction,170,,,
0,BoneV,143.5,$Direction,150,0,201,
0,BoneV,503.5,$Direction,150,2,201,
,,,,,,,
1.5,RND,Direction,50,,,,
0,ADD,Direction,$Direction,331,,,
0,BoneV,143.5,$Direction,150,0,201,
0,BoneV,503.5,$Direction,150,2,201,
0,SUB,Direction,$Direction,170,,,
0,BoneV,143.5,$Direction,150,0,201,
0,BoneV,503.5,$Direction,150,2,201,
,,,,,,,
1.5,RND,Direction,50,,,,
0,ADD,Direction,$Direction,331,,,
0,BoneV,143.5,$Direction,150,0,201,
0,BoneV,503.5,$Direction,150,2,201,
0,SUB,Direction,$Direction,170,,,
0,BoneV,143.5,$Direction,150,0,201,
0,BoneV,503.5,$Direction,150,2,201,
